id,x,y,z,eux,euy,euz,index,mrc_file,name
1U6G,492,61,133,63.452,58.4655,84.5648,6,1U6G.mrc,Cand1-Cul1-Roc1
1U6G,374,55,87,73.1072,346.2925,65.8045,6,1U6G.mrc,Cand1-Cul1-Roc1
1U6G,139,232,160,66.1057,251.4041,260.5683,6,1U6G.mrc,Cand1-Cul1-Roc1
1U6G,271,349,66,96.7758,26.396,272.9484,6,1U6G.mrc,Cand1-Cul1-Roc1
1U6G,191,46,46,71.3665,243.1774,191.4348,6,1U6G.mrc,Cand1-Cul1-Roc1
1U6G,150,84,113,78.5725,162.4156,33.9202,6,1U6G.mrc,Cand1-Cul1-Roc1
1U6G,277,125,169,62.5841,0.871,91.0547,6,1U6G.mrc,Cand1-Cul1-Roc1
1U6G,492,451,39,132.4807,310.5753,207.679,6,1U6G.mrc,Cand1-Cul1-Roc1
1U6G,152,323,27,63.4233,110.7015,38.8224,6,1U6G.mrc,Cand1-Cul1-Roc1
1U6G,425,277,148,102.2836,105.3176,88.1623,6,1U6G.mrc,Cand1-Cul1-Roc1
1U6G,450,403,150,74.5274,310.8793,43.2943,6,1U6G.mrc,Cand1-Cul1-Roc1
1U6G,246,104,16,141.0744,291.1076,301.5797,6,1U6G.mrc,Cand1-Cul1-Roc1
1U6G,397,40,19,97.2519,153.8992,290.5088,6,1U6G.mrc,Cand1-Cul1-Roc1
1U6G,293,167,120,29.4176,156.3848,95.2697,6,1U6G.mrc,Cand1-Cul1-Roc1
1U6G,362,12,133,134.6733,330.8212,143.6049,6,1U6G.mrc,Cand1-Cul1-Roc1
1U6G,275,40,114,52.8735,300.7835,201.8731,6,1U6G.mrc,Cand1-Cul1-Roc1
1U6G,345,441,98,93.2208,140.5708,32.8201,6,1U6G.mrc,Cand1-Cul1-Roc1
1U6G,253,490,46,78.733,308.1891,175.1916,6,1U6G.mrc,Cand1-Cul1-Roc1
1U6G,401,404,21,125.3038,165.3944,116.1421,6,1U6G.mrc,Cand1-Cul1-Roc1
1U6G,193,252,121,73.7863,84.4581,293.483,6,1U6G.mrc,Cand1-Cul1-Roc1
1U6G,22,438,64,85.7451,237.7022,11.7358,6,1U6G.mrc,Cand1-Cul1-Roc1
1U6G,480,268,91,108.415,149.1233,10.8301,6,1U6G.mrc,Cand1-Cul1-Roc1
1U6G,244,300,20,143.2941,207.909,158.9686,6,1U6G.mrc,Cand1-Cul1-Roc1
1U6G,416,186,60,35.5522,352.629,123.0655,6,1U6G.mrc,Cand1-Cul1-Roc1
1U6G,310,145,39,165.0181,275.9115,299.2668,6,1U6G.mrc,Cand1-Cul1-Roc1
1U6G,291,347,63,20.6519,168.4642,257.111,6,1U6G.mrc,Cand1-Cul1-Roc1
1U6G,395,234,111,105.521,111.2971,193.8194,6,1U6G.mrc,Cand1-Cul1-Roc1
1U6G,319,26,162,116.9256,301.3025,45.7909,6,1U6G.mrc,Cand1-Cul1-Roc1
1U6G,424,266,137,100.8885,81.6535,185.8766,6,1U6G.mrc,Cand1-Cul1-Roc1
1U6G,391,224,122,58.9842,113.3342,224.0139,6,1U6G.mrc,Cand1-Cul1-Roc1
1U6G,252,129,106,11.6777,254.0236,104.2796,6,1U6G.mrc,Cand1-Cul1-Roc1
1U6G,153,46,133,86.4625,122.473,43.9297,6,1U6G.mrc,Cand1-Cul1-Roc1
1U6G,363,255,25,67.7324,358.6316,117.6126,6,1U6G.mrc,Cand1-Cul1-Roc1
1U6G,230,281,156,127.1609,29.952,92.8525,6,1U6G.mrc,Cand1-Cul1-Roc1
1U6G,57,69,69,97.1997,133.0298,285.0834,6,1U6G.mrc,Cand1-Cul1-Roc1
1U6G,408,163,101,66.4622,55.5097,192.7604,6,1U6G.mrc,Cand1-Cul1-Roc1
1U6G,26,163,167,14.7093,337.9533,246.5888,6,1U6G.mrc,Cand1-Cul1-Roc1
1U6G,38,388,153,53.6769,278.3084,297.3599,6,1U6G.mrc,Cand1-Cul1-Roc1
1U6G,280,265,49,47.868,326.8776,51.2566,6,1U6G.mrc,Cand1-Cul1-Roc1
1U6G,305,419,163,44.099,177.6206,153.4303,6,1U6G.mrc,Cand1-Cul1-Roc1
1U6G,307,405,99,137.2698,194.7578,1.5964,6,1U6G.mrc,Cand1-Cul1-Roc1
1U6G,260,240,121,135.413,272.383,141.3922,6,1U6G.mrc,Cand1-Cul1-Roc1
1U6G,83,346,123,97.3497,236.8297,23.4342,6,1U6G.mrc,Cand1-Cul1-Roc1
1U6G,410,127,16,153.6748,244.657,294.147,6,1U6G.mrc,Cand1-Cul1-Roc1
1U6G,70,419,49,20.0532,182.9928,236.9841,6,1U6G.mrc,Cand1-Cul1-Roc1
1U6G,133,10,68,87.4382,86.9391,187.6485,6,1U6G.mrc,Cand1-Cul1-Roc1
1U6G,102,34,155,61.6947,244.1236,265.6104,6,1U6G.mrc,Cand1-Cul1-Roc1
1U6G,220,297,153,153.2464,247.5245,278.9554,6,1U6G.mrc,Cand1-Cul1-Roc1
1U6G,16,131,64,91.9327,59.4735,290.8206,6,1U6G.mrc,Cand1-Cul1-Roc1
1U6G,100,401,159,152.5719,231.0748,162.8298,6,1U6G.mrc,Cand1-Cul1-Roc1
1U6G,212,424,68,150.2368,229.5302,95.3612,6,1U6G.mrc,Cand1-Cul1-Roc1
1U6G,306,269,142,58.0941,226.8665,149.6571,6,1U6G.mrc,Cand1-Cul1-Roc1
1U6G,30,18,73,24.1551,7.2195,356.2763,6,1U6G.mrc,Cand1-Cul1-Roc1
1U6G,439,240,28,100.9032,341.3385,330.1867,6,1U6G.mrc,Cand1-Cul1-Roc1
1U6G,420,404,144,94.7855,55.5654,180.5049,6,1U6G.mrc,Cand1-Cul1-Roc1
1U6G,63,162,147,144.7978,274.1096,270.7247,6,1U6G.mrc,Cand1-Cul1-Roc1
1U6G,121,191,147,112.5354,69.603,354.5333,6,1U6G.mrc,Cand1-Cul1-Roc1
1U6G,19,336,125,135.4626,247.9688,204.8864,6,1U6G.mrc,Cand1-Cul1-Roc1
1U6G,256,193,91,94.3141,321.0521,144.4143,6,1U6G.mrc,Cand1-Cul1-Roc1
1U6G,466,431,88,100.7169,342.5725,105.1014,6,1U6G.mrc,Cand1-Cul1-Roc1
1U6G,450,482,99,110.921,347.4006,113.194,6,1U6G.mrc,Cand1-Cul1-Roc1
1U6G,477,114,139,60.3849,81.4559,328.7107,6,1U6G.mrc,Cand1-Cul1-Roc1
1U6G,23,17,38,132.2377,144.0556,155.8271,6,1U6G.mrc,Cand1-Cul1-Roc1
1U6G,289,347,26,72.6936,195.4372,258.9657,6,1U6G.mrc,Cand1-Cul1-Roc1
1U6G,449,488,63,60.1752,44.5135,249.9205,6,1U6G.mrc,Cand1-Cul1-Roc1
1U6G,136,352,160,40.1626,18.2729,221.8705,6,1U6G.mrc,Cand1-Cul1-Roc1
1U6G,330,47,45,110.5437,353.6627,88.5537,6,1U6G.mrc,Cand1-Cul1-Roc1
1U6G,221,400,103,17.0386,233.747,277.0355,6,1U6G.mrc,Cand1-Cul1-Roc1
1U6G,434,202,95,100.1561,272.0076,325.5538,6,1U6G.mrc,Cand1-Cul1-Roc1
1U6G,116,362,162,90.2957,237.3975,136.9111,6,1U6G.mrc,Cand1-Cul1-Roc1
1U6G,348,132,41,137.8925,4.8553,296.8664,6,1U6G.mrc,Cand1-Cul1-Roc1
1U6G,429,285,35,56.9563,296.3005,62.6521,6,1U6G.mrc,Cand1-Cul1-Roc1
1U6G,434,457,102,160.3194,317.0127,95.2338,6,1U6G.mrc,Cand1-Cul1-Roc1
1U6G,134,296,17,58.5373,270.1526,209.3548,6,1U6G.mrc,Cand1-Cul1-Roc1
1U6G,349,416,164,42.2127,161.7716,152.7828,6,1U6G.mrc,Cand1-Cul1-Roc1
1U6G,50,372,28,36.26,327.1745,51.2978,6,1U6G.mrc,Cand1-Cul1-Roc1
1U6G,207,48,62,81.4126,7.9349,84.9058,6,1U6G.mrc,Cand1-Cul1-Roc1
1U6G,72,333,125,73.9574,142.5023,94.2822,6,1U6G.mrc,Cand1-Cul1-Roc1
1U6G,501,255,10,78.9377,15.0698,164.8685,6,1U6G.mrc,Cand1-Cul1-Roc1
1U6G,215,363,166,124.4178,341.9204,300.8998,6,1U6G.mrc,Cand1-Cul1-Roc1
1U6G,130,338,103,24.3864,157.3189,106.8108,6,1U6G.mrc,Cand1-Cul1-Roc1
1U6G,56,334,28,115.1426,23.9236,200.9294,6,1U6G.mrc,Cand1-Cul1-Roc1
1U6G,343,365,67,66.0779,125.6359,272.3694,6,1U6G.mrc,Cand1-Cul1-Roc1
1U6G,354,115,124,88.0435,262.5679,103.3508,6,1U6G.mrc,Cand1-Cul1-Roc1
1U6G,98,218,68,88.1211,199.7678,101.1379,6,1U6G.mrc,Cand1-Cul1-Roc1
1U6G,314,441,55,67.7436,291.4461,187.3981,6,1U6G.mrc,Cand1-Cul1-Roc1
1U6G,254,124,23,144.636,127.4377,251.0218,6,1U6G.mrc,Cand1-Cul1-Roc1
1U6G,455,25,103,81.6704,252.5812,19.1524,6,1U6G.mrc,Cand1-Cul1-Roc1
1U6G,353,308,14,150.8492,274.5932,293.2511,6,1U6G.mrc,Cand1-Cul1-Roc1
1U6G,474,467,91,18.3015,175.2587,301.6142,6,1U6G.mrc,Cand1-Cul1-Roc1
1U6G,469,471,33,2.4664,249.8341,249.3935,6,1U6G.mrc,Cand1-Cul1-Roc1
1U6G,347,215,48,20.4042,233.3284,9.4765,6,1U6G.mrc,Cand1-Cul1-Roc1
1U6G,459,95,152,18.1916,335.9726,186.2293,6,1U6G.mrc,Cand1-Cul1-Roc1
1U6G,37,338,72,63.2998,7.4823,160.4327,6,1U6G.mrc,Cand1-Cul1-Roc1
1U6G,148,201,34,121.3569,284.614,161.3545,6,1U6G.mrc,Cand1-Cul1-Roc1
1U6G,85,373,39,147.0801,15.379,64.6476,6,1U6G.mrc,Cand1-Cul1-Roc1
1U6G,355,61,117,49.5535,138.3924,243.7604,6,1U6G.mrc,Cand1-Cul1-Roc1
1U6G,468,382,103,62.7711,297.2111,297.041,6,1U6G.mrc,Cand1-Cul1-Roc1
1U6G,191,235,169,46.2939,42.1234,128.0432,6,1U6G.mrc,Cand1-Cul1-Roc1
1U6G,54,350,113,118.5118,127.018,234.8932,6,1U6G.mrc,Cand1-Cul1-Roc1
1U6G,500,257,62,39.7228,78.7662,260.0505,6,1U6G.mrc,Cand1-Cul1-Roc1
1U6G,306,137,20,122.2795,287.4235,102.7665,6,1U6G.mrc,Cand1-Cul1-Roc1
1U6G,339,372,13,164.6732,181.2491,138.2805,6,1U6G.mrc,Cand1-Cul1-Roc1
1U6G,62,221,71,151.0047,169.5935,113.4887,6,1U6G.mrc,Cand1-Cul1-Roc1
1U6G,440,68,26,88.8412,215.5272,227.4373,6,1U6G.mrc,Cand1-Cul1-Roc1
1U6G,456,429,121,142.8416,35.709,9.5434,6,1U6G.mrc,Cand1-Cul1-Roc1
1U6G,299,20,28,102.1657,207.0773,318.1792,6,1U6G.mrc,Cand1-Cul1-Roc1
1U6G,344,472,117,143.1752,238.489,76.4214,6,1U6G.mrc,Cand1-Cul1-Roc1
3CF3,475,208,150,51.8023,5.0532,34.7935,5,3CF3.mrc,P97-vcp
3CF3,471,436,138,130.7492,206.7159,259.0051,5,3CF3.mrc,P97-vcp
3CF3,84,32,122,145.1641,128.4744,344.9693,5,3CF3.mrc,P97-vcp
3CF3,105,253,68,124.4039,229.3306,190.5153,5,3CF3.mrc,P97-vcp
3CF3,17,243,37,146.5194,177.1875,281.5786,5,3CF3.mrc,P97-vcp
3CF3,240,271,138,82.6737,205.7144,317.1669,5,3CF3.mrc,P97-vcp
3CF3,113,360,54,6.7707,231.8044,32.9523,5,3CF3.mrc,P97-vcp
3CF3,220,134,132,55.7101,94.8853,264.1035,5,3CF3.mrc,P97-vcp
3CF3,241,404,155,64.5378,247.1625,183.7181,5,3CF3.mrc,P97-vcp
3CF3,103,83,11,44.0853,215.1473,70.3202,5,3CF3.mrc,P97-vcp
3CF3,371,464,154,89.7397,264.9087,336.2545,5,3CF3.mrc,P97-vcp
3CF3,277,146,40,143.8576,56.9978,312.7231,5,3CF3.mrc,P97-vcp
3CF3,183,89,128,81.6291,27.4269,338.9953,5,3CF3.mrc,P97-vcp
3CF3,384,189,142,65.1429,301.055,255.1148,5,3CF3.mrc,P97-vcp
3CF3,153,94,146,66.0714,309.6825,196.6928,5,3CF3.mrc,P97-vcp
3CF3,453,398,44,101.3572,126.1692,99.8445,5,3CF3.mrc,P97-vcp
3CF3,225,202,141,27.151,155.485,266.1341,5,3CF3.mrc,P97-vcp
3CF3,357,423,115,79.7681,302.5869,343.0055,5,3CF3.mrc,P97-vcp
3CF3,297,230,109,122.5006,60.6123,73.555,5,3CF3.mrc,P97-vcp
3CF3,11,306,82,36.9474,228.0934,16.509,5,3CF3.mrc,P97-vcp
3CF3,80,448,13,121.8225,305.6357,207.9248,5,3CF3.mrc,P97-vcp
3CF3,393,159,61,111.6694,59.6427,352.8118,5,3CF3.mrc,P97-vcp
3CF3,366,219,19,91.4074,197.9717,26.439,5,3CF3.mrc,P97-vcp
3CF3,78,479,117,45.476,178.8452,268.9204,5,3CF3.mrc,P97-vcp
3CF3,98,121,47,60.2452,185.491,107.5353,5,3CF3.mrc,P97-vcp
3CF3,307,174,69,98.362,206.2431,265.7368,5,3CF3.mrc,P97-vcp
3CF3,94,101,86,88.8637,95.4977,287.717,5,3CF3.mrc,P97-vcp
3CF3,118,227,93,50.0867,241.7232,52.7854,5,3CF3.mrc,P97-vcp
3CF3,381,184,88,17.1078,186.4591,280.7463,5,3CF3.mrc,P97-vcp
3CF3,363,47,34,38.206,144.7437,114.237,5,3CF3.mrc,P97-vcp
3CF3,412,454,150,125.9931,310.4747,335.9566,5,3CF3.mrc,P97-vcp
3CF3,496,18,67,61.7733,96.7073,21.5797,5,3CF3.mrc,P97-vcp
3CF3,214,159,163,92.5864,17.0583,158.8555,5,3CF3.mrc,P97-vcp
3CF3,46,367,98,161.8173,295.6072,82.5553,5,3CF3.mrc,P97-vcp
3CF3,479,443,24,35.2086,48.0215,232.4718,5,3CF3.mrc,P97-vcp
3CF3,148,444,108,154.3793,337.1698,252.4353,5,3CF3.mrc,P97-vcp
3CF3,136,313,81,112.3973,16.6505,120.2596,5,3CF3.mrc,P97-vcp
3CF3,278,170,75,98.5798,48.7361,162.5851,5,3CF3.mrc,P97-vcp
3CF3,390,195,23,65.1911,291.9885,67.5571,5,3CF3.mrc,P97-vcp
3CF3,376,281,166,49.8788,117.5693,75.1143,5,3CF3.mrc,P97-vcp
3CF3,306,361,123,100.2133,172.4773,316.4043,5,3CF3.mrc,P97-vcp
3CF3,329,76,37,100.8081,252.6335,217.6929,5,3CF3.mrc,P97-vcp
3CF3,34,486,21,27.5472,270.8228,224.3424,5,3CF3.mrc,P97-vcp
3CF3,66,268,80,47.0322,318.5211,228.5998,5,3CF3.mrc,P97-vcp
3CF3,162,468,98,124.9283,282.4258,119.6915,5,3CF3.mrc,P97-vcp
3CF3,202,183,149,78.8037,307.0991,127.6553,5,3CF3.mrc,P97-vcp
3CF3,264,337,167,42.9428,117.7883,156.6613,5,3CF3.mrc,P97-vcp
3CF3,130,258,59,121.8403,353.1286,313.128,5,3CF3.mrc,P97-vcp
3CF3,20,382,67,84.338,253.838,323.1062,5,3CF3.mrc,P97-vcp
3CF3,269,153,167,124.4337,278.2204,318.7456,5,3CF3.mrc,P97-vcp
3CF3,302,91,60,50.2565,253.5546,218.1429,5,3CF3.mrc,P97-vcp
3CF3,12,208,124,152.4033,39.3364,264.148,5,3CF3.mrc,P97-vcp
3CF3,46,275,47,149.5287,206.2156,160.1085,5,3CF3.mrc,P97-vcp
3CF3,497,229,160,91.6389,45.4501,58.8162,5,3CF3.mrc,P97-vcp
3CF3,258,153,120,90.1345,150.3746,319.222,5,3CF3.mrc,P97-vcp
3CF3,364,289,163,69.489,258.3207,47.413,5,3CF3.mrc,P97-vcp
3CF3,187,160,108,49.3859,97.5477,303.6742,5,3CF3.mrc,P97-vcp
3CF3,22,51,44,135.0812,281.9302,53.5591,5,3CF3.mrc,P97-vcp
3CF3,53,303,44,40.2282,201.6835,158.1812,5,3CF3.mrc,P97-vcp
3CF3,365,487,17,114.7165,173.5943,50.1037,5,3CF3.mrc,P97-vcp
3CF3,25,106,23,36.8146,358.8974,111.5608,5,3CF3.mrc,P97-vcp
3CF3,171,285,160,85.5067,216.7711,30.1162,5,3CF3.mrc,P97-vcp
3CF3,11,54,33,154.5773,72.0139,234.9583,5,3CF3.mrc,P97-vcp
3CF3,259,378,123,45.6655,206.1848,277.4227,5,3CF3.mrc,P97-vcp
3CF3,146,284,71,90.7932,212.7881,57.3011,5,3CF3.mrc,P97-vcp
3CF3,381,152,30,145.6134,255.2168,304.0579,5,3CF3.mrc,P97-vcp
3CF3,22,348,97,38.2128,293.2656,329.1598,5,3CF3.mrc,P97-vcp
3CF3,138,234,67,84.2365,351.9708,6.0456,5,3CF3.mrc,P97-vcp
3CF3,184,102,31,97.7491,274.2198,197.7233,5,3CF3.mrc,P97-vcp
3CF3,343,213,79,131.2709,64.9384,33.6959,5,3CF3.mrc,P97-vcp
3CF3,36,176,68,57.0623,180.9046,328.9505,5,3CF3.mrc,P97-vcp
3CF3,497,93,111,162.8396,288.2058,215.3429,5,3CF3.mrc,P97-vcp
3CF3,135,283,122,120.2315,201.6595,205.7249,5,3CF3.mrc,P97-vcp
3CF3,175,55,105,33.3834,27.1209,244.4599,5,3CF3.mrc,P97-vcp
3CF3,204,227,146,67.856,264.3079,329.4095,5,3CF3.mrc,P97-vcp
3CF3,182,159,25,120.8738,217.9982,137.2037,5,3CF3.mrc,P97-vcp
3CF3,387,211,52,100.1435,151.5111,169.6163,5,3CF3.mrc,P97-vcp
3CF3,417,81,41,135.4864,107.9573,330.4898,5,3CF3.mrc,P97-vcp
3CF3,15,443,96,104.8595,34.8957,215.9281,5,3CF3.mrc,P97-vcp
3CF3,71,83,50,165.9766,144.7637,206.807,5,3CF3.mrc,P97-vcp
3CF3,384,174,63,147.2542,241.219,261.2727,5,3CF3.mrc,P97-vcp
3CF3,467,187,93,61.8251,262.6748,36.5811,5,3CF3.mrc,P97-vcp
3CF3,289,101,114,138.7192,24.7626,157.0016,5,3CF3.mrc,P97-vcp
3CF3,103,349,87,100.0246,92.5295,271.9693,5,3CF3.mrc,P97-vcp
3CF3,80,362,76,109.8332,149.4454,44.7098,5,3CF3.mrc,P97-vcp
3CF3,192,344,152,95.3119,206.9735,69.0293,5,3CF3.mrc,P97-vcp
3CF3,48,457,48,21.6318,109.1184,333.3605,5,3CF3.mrc,P97-vcp
3CF3,450,273,68,129.8521,128.7796,195.7441,5,3CF3.mrc,P97-vcp
3CF3,110,263,117,133.6453,108.8574,232.0955,5,3CF3.mrc,P97-vcp
3CF3,440,433,39,115.7812,199.9432,331.2733,5,3CF3.mrc,P97-vcp
3CF3,387,229,91,55.8867,65.3134,333.3648,5,3CF3.mrc,P97-vcp
3CF3,435,28,140,61.6453,198.6433,324.3793,5,3CF3.mrc,P97-vcp
3CF3,436,78,115,93.2253,71.7379,301.137,5,3CF3.mrc,P97-vcp
3CF3,368,435,63,84.903,25.0499,220.567,5,3CF3.mrc,P97-vcp
3CF3,240,311,165,156.7909,162.5173,158.6123,5,3CF3.mrc,P97-vcp
3CF3,443,343,106,34.7561,79.9815,220.1781,5,3CF3.mrc,P97-vcp
3CF3,472,197,30,115.8558,61.4564,344.6056,5,3CF3.mrc,P97-vcp
3CF3,125,83,47,114.9095,195.9345,179.785,5,3CF3.mrc,P97-vcp
3CF3,95,89,59,68.5218,129.9192,187.2672,5,3CF3.mrc,P97-vcp
3CF3,202,387,52,59.4354,282.8944,351.4234,5,3CF3.mrc,P97-vcp
3CF3,193,268,130,126.6403,88.2172,22.5843,5,3CF3.mrc,P97-vcp
3CF3,472,143,85,45.6349,343.9629,310.3228,5,3CF3.mrc,P97-vcp
3CF3,479,240,111,76.5166,353.184,137.6247,5,3CF3.mrc,P97-vcp
3CF3,238,340,99,63.9967,126.7098,240.3501,5,3CF3.mrc,P97-vcp
3CF3,142,468,120,135.2403,129.2573,323.2586,5,3CF3.mrc,P97-vcp
5MRC,441,222,90,120.6435,233.5734,139.7549,13,5MRC.mrc,Ribosome
5MRC,337,136,127,86.7673,145.1663,324.9991,13,5MRC.mrc,Ribosome
5MRC,173,454,50,38.9188,216.2154,191.9319,13,5MRC.mrc,Ribosome
5MRC,124,49,118,33.42,352.7128,358.8223,13,5MRC.mrc,Ribosome
5MRC,314,401,32,90.9546,84.7183,248.635,13,5MRC.mrc,Ribosome
5MRC,237,339,145,138.8657,259.5188,299.8984,13,5MRC.mrc,Ribosome
5MRC,372,77,99,56.7724,55.392,281.5326,13,5MRC.mrc,Ribosome
5MRC,109,246,20,17.6362,343.2295,132.1291,13,5MRC.mrc,Ribosome
5MRC,75,295,119,100.0306,247.4898,282.8165,13,5MRC.mrc,Ribosome
5MRC,260,452,109,101.3795,309.1644,48.8174,13,5MRC.mrc,Ribosome
5MRC,104,247,91,43.7797,171.8412,271.8894,13,5MRC.mrc,Ribosome
5MRC,137,68,78,23.9568,194.5454,219.8495,13,5MRC.mrc,Ribosome
5MRC,449,488,43,70.9881,321.6393,320.3257,13,5MRC.mrc,Ribosome
5MRC,182,482,137,80.1709,114.7684,223.7799,13,5MRC.mrc,Ribosome
5MRC,220,262,68,82.1362,239.8497,296.7829,13,5MRC.mrc,Ribosome
5MRC,70,100,35,91.0331,218.4598,92.7553,13,5MRC.mrc,Ribosome
5MRC,446,128,23,142.6182,231.7692,31.3903,13,5MRC.mrc,Ribosome
5MRC,178,451,28,75.4169,340.5906,262.9494,13,5MRC.mrc,Ribosome
5MRC,275,158,94,125.1497,125.0621,55.8789,13,5MRC.mrc,Ribosome
5MRC,177,199,129,122.9593,248.8298,269.7818,13,5MRC.mrc,Ribosome
5MRC,298,212,24,176.638,12.3849,255.0694,13,5MRC.mrc,Ribosome
5MRC,241,152,61,74.6316,67.0198,222.6447,13,5MRC.mrc,Ribosome
5MRC,373,310,64,145.5525,147.3039,323.9422,13,5MRC.mrc,Ribosome
5MRC,423,117,125,79.6342,86.6221,333.1125,13,5MRC.mrc,Ribosome
5MRC,285,168,141,106.0794,278.9846,25.9801,13,5MRC.mrc,Ribosome
5MRC,433,393,117,140.6786,181.9264,117.7301,13,5MRC.mrc,Ribosome
5MRC,391,209,100,10.9999,114.59,325.3921,13,5MRC.mrc,Ribosome
5MRC,191,40,29,74.8212,205.4271,198.3492,13,5MRC.mrc,Ribosome
5MRC,354,491,123,109.0692,262.4099,299.4497,13,5MRC.mrc,Ribosome
5MRC,44,79,160,96.712,259.1592,203.9675,13,5MRC.mrc,Ribosome
5MRC,198,224,73,97.0325,211.2423,54.8951,13,5MRC.mrc,Ribosome
5MRC,127,103,139,75.5219,14.2883,228.5278,13,5MRC.mrc,Ribosome
5MRC,484,437,64,70.9441,135.1286,59.3968,13,5MRC.mrc,Ribosome
5MRC,199,115,79,125.9908,57.8768,212.5995,13,5MRC.mrc,Ribosome
5MRC,19,232,71,104.3956,8.3228,303.0945,13,5MRC.mrc,Ribosome
5MRC,88,487,152,128.2041,222.9524,140.0562,13,5MRC.mrc,Ribosome
5MRC,240,475,92,73.3119,183.3794,238.3763,13,5MRC.mrc,Ribosome
5MRC,412,143,72,31.4511,0.2925,356.0073,13,5MRC.mrc,Ribosome
5MRC,41,483,144,77.4221,180.2594,20.1976,13,5MRC.mrc,Ribosome
5MRC,114,72,123,51.6818,296.0034,348.3457,13,5MRC.mrc,Ribosome
5MRC,442,459,69,138.16,62.7307,336.7009,13,5MRC.mrc,Ribosome
5MRC,165,36,70,107.2091,267.5325,320.2544,13,5MRC.mrc,Ribosome
5MRC,285,22,81,37.82,302.5187,236.9365,13,5MRC.mrc,Ribosome
5MRC,389,124,21,149.3052,327.0741,52.2956,13,5MRC.mrc,Ribosome
5MRC,62,62,137,100.6943,107.5833,63.1534,13,5MRC.mrc,Ribosome
5MRC,233,83,145,166.3202,123.8707,24.0219,13,5MRC.mrc,Ribosome
5MRC,101,464,96,117.9261,64.3642,265.2741,13,5MRC.mrc,Ribosome
5MRC,114,22,76,117.4647,25.7823,127.1538,13,5MRC.mrc,Ribosome
5MRC,219,69,121,19.3399,183.9115,21.1307,13,5MRC.mrc,Ribosome
5MRC,78,437,147,25.0976,45.9041,314.6116,13,5MRC.mrc,Ribosome
5MRC,170,71,144,138.7261,311.0934,120.9358,13,5MRC.mrc,Ribosome
5MRC,33,472,51,49.4529,270.053,147.9811,13,5MRC.mrc,Ribosome
5MRC,107,335,31,78.2425,159.2701,46.9596,13,5MRC.mrc,Ribosome
5MRC,72,471,62,82.8325,270.9964,265.2809,13,5MRC.mrc,Ribosome
5MRC,253,218,63,76.4555,305.916,240.7038,13,5MRC.mrc,Ribosome
5MRC,140,339,61,67.844,123.0637,35.5788,13,5MRC.mrc,Ribosome
5MRC,214,64,89,27.6637,264.2606,140.5614,13,5MRC.mrc,Ribosome
5MRC,262,442,66,87.2582,304.1844,60.7202,13,5MRC.mrc,Ribosome
5MRC,46,327,124,137.5765,147.7392,89.0482,13,5MRC.mrc,Ribosome
5MRC,305,483,109,98.9441,60.0196,335.9538,13,5MRC.mrc,Ribosome
5MRC,181,74,90,39.4396,118.7421,97.6484,13,5MRC.mrc,Ribosome
5MRC,146,453,19,141.4842,225.2971,310.6447,13,5MRC.mrc,Ribosome
5MRC,357,397,132,103.0522,140.3693,46.7932,13,5MRC.mrc,Ribosome
5MRC,465,80,22,37.6897,269.3434,75.5459,13,5MRC.mrc,Ribosome
5MRC,450,462,31,163.9176,285.4187,268.2282,13,5MRC.mrc,Ribosome
5MRC,294,450,21,106.7324,255.9568,2.7816,13,5MRC.mrc,Ribosome
5MRC,225,445,90,70.1528,335.9499,100.7073,13,5MRC.mrc,Ribosome
5MRC,47,332,45,157.3902,32.4624,99.0419,13,5MRC.mrc,Ribosome
5MRC,423,202,19,134.4516,41.5051,12.4414,13,5MRC.mrc,Ribosome
5MRC,57,246,65,76.128,307.208,149.3855,13,5MRC.mrc,Ribosome
5MRC,57,260,25,162.7559,155.3965,3.1189,13,5MRC.mrc,Ribosome
5MRC,155,48,153,109.1641,273.9353,348.2156,13,5MRC.mrc,Ribosome
5MRC,368,215,129,119.5268,170.9656,124.8946,13,5MRC.mrc,Ribosome
5MRC,393,165,123,155.8645,328.1752,254.9873,13,5MRC.mrc,Ribosome
5MRC,208,470,126,69.2298,194.7707,196.5748,13,5MRC.mrc,Ribosome
5MRC,333,221,127,97.2023,221.4517,253.4755,13,5MRC.mrc,Ribosome
5MRC,485,489,85,121.2845,317.6023,31.4564,13,5MRC.mrc,Ribosome
5MRC,330,173,122,39.576,330.4257,236.8889,13,5MRC.mrc,Ribosome
5MRC,140,20,116,96.7626,320.9305,155.0629,13,5MRC.mrc,Ribosome
5MRC,315,119,129,81.3113,265.9227,203.1651,13,5MRC.mrc,Ribosome
5MRC,265,327,146,114.4721,250.2086,12.4931,13,5MRC.mrc,Ribosome
5MRC,241,301,110,98.0027,159.099,66.2921,13,5MRC.mrc,Ribosome
5MRC,355,136,102,124.2012,244.7438,147.5092,13,5MRC.mrc,Ribosome
5MRC,46,79,36,127.8259,172.145,78.715,13,5MRC.mrc,Ribosome
5MRC,349,348,22,11.037,202.1099,136.9344,13,5MRC.mrc,Ribosome
5MRC,144,175,158,81.9165,111.6012,309.2761,13,5MRC.mrc,Ribosome
5MRC,69,23,19,99.0561,153.7168,199.645,13,5MRC.mrc,Ribosome
5MRC,211,44,158,132.6785,40.8943,246.2359,13,5MRC.mrc,Ribosome
5MRC,265,113,103,35.1259,139.4252,136.7785,13,5MRC.mrc,Ribosome
5MRC,195,410,72,20.9868,187.3965,173.4144,13,5MRC.mrc,Ribosome
5MRC,216,411,126,86.5695,43.7373,296.6099,13,5MRC.mrc,Ribosome
5MRC,341,198,26,60.1402,49.4838,103.8865,13,5MRC.mrc,Ribosome
5MRC,212,402,28,94.7906,255.2012,257.7307,13,5MRC.mrc,Ribosome
5MRC,260,370,51,63.7653,41.893,38.8455,13,5MRC.mrc,Ribosome
5MRC,233,473,63,36.2572,15.0319,309.1384,13,5MRC.mrc,Ribosome
5MRC,284,459,96,102.103,21.4014,222.0704,13,5MRC.mrc,Ribosome
5MRC,375,314,29,64.5843,15.2718,84.2281,13,5MRC.mrc,Ribosome
5MRC,492,22,25,31.6437,121.8488,280.2774,13,5MRC.mrc,Ribosome
5MRC,60,270,134,67.3042,338.1402,233.0982,13,5MRC.mrc,Ribosome
5MRC,487,450,106,132.245,131.4352,343.1318,13,5MRC.mrc,Ribosome
5MRC,155,483,155,136.9648,148.3033,225.9735,13,5MRC.mrc,Ribosome
5MRC,274,434,90,163.9409,299.8647,209.656,13,5MRC.mrc,Ribosome
5MRC,21,488,131,74.4134,138.47,144.0561,13,5MRC.mrc,Ribosome
5MRC,149,119,19,105.5303,39.513,326.5351,13,5MRC.mrc,Ribosome
5MRC,221,328,73,88.3928,345.2241,6.6143,13,5MRC.mrc,Ribosome
5MRC,28,463,89,52.9,82.1549,176.1122,13,5MRC.mrc,Ribosome
5MRC,435,238,53,28.7247,16.5053,108.7681,13,5MRC.mrc,Ribosome
5MRC,206,170,107,157.3327,239.0441,277.9029,13,5MRC.mrc,Ribosome
5MRC,350,71,48,49.9997,249.3794,227.9032,13,5MRC.mrc,Ribosome
5MRC,456,250,121,119.4629,262.9261,318.5627,13,5MRC.mrc,Ribosome
5MRC,396,303,97,111.8023,69.475,103.6575,13,5MRC.mrc,Ribosome
5MRC,261,296,81,140.5804,346.2825,255.7418,13,5MRC.mrc,Ribosome
5MRC,116,95,79,66.6868,154.9529,16.7389,13,5MRC.mrc,Ribosome
5MRC,313,426,90,98.2018,217.1302,268.0521,13,5MRC.mrc,Ribosome
5MRC,287,325,56,85.1771,57.9399,227.9348,13,5MRC.mrc,Ribosome
5MRC,484,392,91,21.8514,50.0951,137.8661,13,5MRC.mrc,Ribosome
5MRC,98,315,72,63.8985,286.6963,270.9577,13,5MRC.mrc,Ribosome
5MRC,177,179,60,47.804,132.4279,257.8938,13,5MRC.mrc,Ribosome
5MRC,135,432,77,111.8719,318.9935,260.2907,13,5MRC.mrc,Ribosome
5MRC,349,264,19,48.6455,269.5961,140.7697,13,5MRC.mrc,Ribosome
5MRC,465,210,46,62.0102,165.8263,38.4962,13,5MRC.mrc,Ribosome
5MRC,40,440,83,119.3423,140.4409,279.6842,13,5MRC.mrc,Ribosome
5MRC,125,317,105,141.2224,212.4826,298.9294,13,5MRC.mrc,Ribosome
5MRC,274,492,79,91.5858,163.4474,112.7061,13,5MRC.mrc,Ribosome
5MRC,336,114,59,67.2902,189.9008,322.7063,13,5MRC.mrc,Ribosome
5MRC,284,337,114,147.4516,338.7827,123.0996,13,5MRC.mrc,Ribosome
5MRC,248,488,148,156.39,100.6686,230.5464,13,5MRC.mrc,Ribosome
1QVR,244,495,21,30.9092,196.418,49.8391,3,1QVR.mrc,ClpB
1QVR,200,376,74,151.0068,239.0991,44.4408,3,1QVR.mrc,ClpB
1QVR,392,17,141,86.221,166.2569,291.0588,3,1QVR.mrc,ClpB
1QVR,127,338,84,58.2184,72.9268,330.0517,3,1QVR.mrc,ClpB
1QVR,83,54,26,107.7587,247.8717,79.4117,3,1QVR.mrc,ClpB
1QVR,310,117,65,92.9589,66.64,93.7376,3,1QVR.mrc,ClpB
1QVR,133,498,26,50.2707,125.1045,337.7927,3,1QVR.mrc,ClpB
1QVR,285,329,158,134.8085,137.5555,314.0016,3,1QVR.mrc,ClpB
1QVR,33,246,96,127.0514,78.7364,328.3573,3,1QVR.mrc,ClpB
1QVR,76,271,111,109.0956,290.692,332.5873,3,1QVR.mrc,ClpB
1QVR,93,115,130,134.227,351.308,278.2868,3,1QVR.mrc,ClpB
1QVR,51,305,137,98.6882,44.7247,36.7963,3,1QVR.mrc,ClpB
1QVR,243,377,141,160.622,303.9567,165.5464,3,1QVR.mrc,ClpB
1QVR,461,368,18,135.9638,180.2773,328.1508,3,1QVR.mrc,ClpB
1QVR,175,286,55,10.9061,139.4694,94.6815,3,1QVR.mrc,ClpB
1QVR,200,25,74,123.6589,97.5652,64.2693,3,1QVR.mrc,ClpB
1QVR,495,442,143,35.1072,1.8449,172.3069,3,1QVR.mrc,ClpB
1QVR,305,465,80,85.3647,271.5245,140.2943,3,1QVR.mrc,ClpB
1QVR,60,459,26,101.4516,3.2776,36.8933,3,1QVR.mrc,ClpB
1QVR,56,175,142,77.1047,230.05,316.0912,3,1QVR.mrc,ClpB
1QVR,264,303,131,29.7362,38.4196,320.7842,3,1QVR.mrc,ClpB
1QVR,228,471,157,70.2309,243.8469,114.3105,3,1QVR.mrc,ClpB
1QVR,358,69,16,100.1838,295.4496,333.9306,3,1QVR.mrc,ClpB
1QVR,207,40,83,171.1988,295.9135,105.8719,3,1QVR.mrc,ClpB
1QVR,95,80,99,93.9808,186.3174,102.1956,3,1QVR.mrc,ClpB
1QVR,68,338,84,132.3483,17.9593,17.1348,3,1QVR.mrc,ClpB
1QVR,366,111,82,154.2613,38.2034,65.3779,3,1QVR.mrc,ClpB
1QVR,425,494,112,145.2267,209.1898,69.2485,3,1QVR.mrc,ClpB
1QVR,344,451,136,32.9744,335.8028,265.6163,3,1QVR.mrc,ClpB
1QVR,266,225,99,34.8334,168.4658,124.5626,3,1QVR.mrc,ClpB
1QVR,433,248,139,99.2502,26.1289,153.9403,3,1QVR.mrc,ClpB
1QVR,325,374,51,146.1609,201.9831,243.2068,3,1QVR.mrc,ClpB
1QVR,70,285,44,49.8881,287.2421,239.5387,3,1QVR.mrc,ClpB
1QVR,409,102,89,122.7582,261.4982,115.1717,3,1QVR.mrc,ClpB
1QVR,26,296,109,17.9995,223.0818,250.4416,3,1QVR.mrc,ClpB
1QVR,124,477,115,71.2285,103.2219,70.1704,3,1QVR.mrc,ClpB
1QVR,417,70,113,41.3377,175.8389,333.3318,3,1QVR.mrc,ClpB
1QVR,220,400,150,76.4542,100.4041,215.2796,3,1QVR.mrc,ClpB
1QVR,71,122,17,9.2841,122.8762,233.5151,3,1QVR.mrc,ClpB
1QVR,212,379,39,121.5718,266.6262,325.8858,3,1QVR.mrc,ClpB
1QVR,94,275,56,144.1377,264.1388,145.6996,3,1QVR.mrc,ClpB
1QVR,94,100,160,48.1012,268.0721,147.2863,3,1QVR.mrc,ClpB
1QVR,71,362,44,68.1312,188.9983,3.7749,3,1QVR.mrc,ClpB
1QVR,281,113,129,120.278,165.0909,82.3618,3,1QVR.mrc,ClpB
1QVR,123,281,39,105.3788,96.3113,8.2854,3,1QVR.mrc,ClpB
1QVR,305,54,43,90.5281,54.1259,2.6286,3,1QVR.mrc,ClpB
1QVR,492,184,36,23.8099,217.4858,344.6919,3,1QVR.mrc,ClpB
1QVR,393,271,14,121.4727,121.4343,79.9789,3,1QVR.mrc,ClpB
1QVR,156,347,41,162.4636,85.0287,203.4813,3,1QVR.mrc,ClpB
1QVR,178,413,130,160.0768,283.4651,80.0335,3,1QVR.mrc,ClpB
1QVR,456,435,31,91.6253,72.7293,144.8771,3,1QVR.mrc,ClpB
1QVR,368,104,141,75.6863,330.4586,188.1605,3,1QVR.mrc,ClpB
1QVR,341,71,86,42.8828,8.6518,262.8777,3,1QVR.mrc,ClpB
1QVR,464,394,141,119.6707,292.9663,6.0743,3,1QVR.mrc,ClpB
1QVR,452,101,28,98.9639,334.7364,19.5493,3,1QVR.mrc,ClpB
1QVR,382,351,116,83.1032,145.3336,49.6507,3,1QVR.mrc,ClpB
1QVR,119,324,47,143.8664,223.9905,8.4121,3,1QVR.mrc,ClpB
1QVR,255,382,90,121.7396,316.6454,151.7441,3,1QVR.mrc,ClpB
1QVR,377,80,133,28.7696,237.9252,328.0873,3,1QVR.mrc,ClpB
1QVR,242,356,85,20.5054,140.445,181.6335,3,1QVR.mrc,ClpB
1QVR,441,18,104,117.9173,85.7675,211.4891,3,1QVR.mrc,ClpB
1QVR,157,64,60,20.7591,50.9313,46.0434,3,1QVR.mrc,ClpB
1QVR,284,354,44,39.4244,164.4025,17.3982,3,1QVR.mrc,ClpB
1QVR,247,445,35,121.9932,335.2579,341.5982,3,1QVR.mrc,ClpB
1QVR,442,306,33,69.316,85.8812,161.7841,3,1QVR.mrc,ClpB
1QVR,27,453,119,135.9367,114.4245,159.8434,3,1QVR.mrc,ClpB
1QVR,373,58,65,107.8951,102.3126,92.5881,3,1QVR.mrc,ClpB
1QVR,430,391,77,133.7418,86.7951,234.3244,3,1QVR.mrc,ClpB
1QVR,302,330,85,81.8658,116.5465,172.0818,3,1QVR.mrc,ClpB
1QVR,20,335,82,119.1078,47.7057,344.3164,3,1QVR.mrc,ClpB
1QVR,17,306,49,84.751,303.6086,326.2538,3,1QVR.mrc,ClpB
1QVR,375,294,149,66.1045,300.8453,231.4897,3,1QVR.mrc,ClpB
1QVR,123,281,82,67.1416,82.3957,53.4129,3,1QVR.mrc,ClpB
1QVR,101,109,66,58.7244,52.898,191.917,3,1QVR.mrc,ClpB
1QVR,144,270,22,107.5699,117.4806,144.0185,3,1QVR.mrc,ClpB
1QVR,389,160,145,85.1082,102.5973,75.1097,3,1QVR.mrc,ClpB
1QVR,493,459,83,93.1194,171.8812,292.5945,3,1QVR.mrc,ClpB
1QVR,447,184,61,21.0888,1.0372,207.6091,3,1QVR.mrc,ClpB
1QVR,101,192,108,133.1067,309.7645,167.1754,3,1QVR.mrc,ClpB
1QVR,249,336,36,31.6728,170.8966,191.7814,3,1QVR.mrc,ClpB
1QVR,202,393,111,64.121,55.7336,248.9642,3,1QVR.mrc,ClpB
1QVR,467,115,91,138.0269,353.9345,49.3347,3,1QVR.mrc,ClpB
1QVR,294,409,146,32.6876,152.341,251.846,3,1QVR.mrc,ClpB
1QVR,329,41,63,70.1893,304.3705,47.3143,3,1QVR.mrc,ClpB
1QVR,358,148,117,117.8669,130.5884,240.1478,3,1QVR.mrc,ClpB
1QVR,420,208,83,127.859,4.7531,242.1517,3,1QVR.mrc,ClpB
1QVR,288,318,90,131.8632,205.6238,16.8268,3,1QVR.mrc,ClpB
1QVR,456,288,32,76.9741,136.2374,155.2418,3,1QVR.mrc,ClpB
1QVR,96,346,109,11.0139,34.966,169.1947,3,1QVR.mrc,ClpB
1QVR,212,492,154,96.8196,105.7802,82.0306,3,1QVR.mrc,ClpB
1QVR,315,242,75,146.9015,126.9978,107.7837,3,1QVR.mrc,ClpB
1QVR,220,38,105,93.494,48.5355,9.3757,3,1QVR.mrc,ClpB
1QVR,117,373,46,116.2604,217.8107,208.9373,3,1QVR.mrc,ClpB
1QVR,297,234,164,23.567,105.0041,80.7768,3,1QVR.mrc,ClpB
1QVR,240,403,29,95.7921,67.9689,122.8067,3,1QVR.mrc,ClpB
1QVR,187,211,163,42.3759,273.2203,30.0987,3,1QVR.mrc,ClpB
1QVR,154,237,56,149.0365,109.7885,145.1567,3,1QVR.mrc,ClpB
1QVR,83,412,73,124.0528,46.1835,114.5827,3,1QVR.mrc,ClpB
1QVR,311,201,39,143.7209,19.752,276.5163,3,1QVR.mrc,ClpB
1QVR,46,52,15,104.5005,64.5314,127.2165,3,1QVR.mrc,ClpB
1QVR,333,376,156,87.6379,9.0671,214.1114,3,1QVR.mrc,ClpB
1QVR,62,81,68,89.8974,163.6647,151.3498,3,1QVR.mrc,ClpB
1QVR,307,150,150,110.5517,201.983,319.1008,3,1QVR.mrc,ClpB
1QVR,454,270,150,90.1438,351.6769,357.4931,3,1QVR.mrc,ClpB
1QVR,408,172,32,125.4273,129.0725,352.1638,3,1QVR.mrc,ClpB
1QVR,148,393,25,145.1369,256.5812,66.3287,3,1QVR.mrc,ClpB
1QVR,331,53,158,38.5907,117.194,146.3687,3,1QVR.mrc,ClpB
1QVR,451,75,93,48.6461,216.8709,200.4961,3,1QVR.mrc,ClpB
1QVR,180,113,120,54.2966,150.6409,147.2191,3,1QVR.mrc,ClpB
1QVR,104,124,116,84.1133,108.4553,349.5102,3,1QVR.mrc,ClpB
1QVR,319,156,73,96.4658,69.594,257.8188,3,1QVR.mrc,ClpB
2CG9,170,114,58,79.3537,302.7623,3.4487,8,2CG9.mrc,Hsp90-Sba1
2CG9,285,454,72,58.3572,198.6045,128.075,8,2CG9.mrc,Hsp90-Sba1
2CG9,407,98,107,130.841,322.7691,182.9775,8,2CG9.mrc,Hsp90-Sba1
2CG9,343,348,62,121.0816,69.6185,261.1709,8,2CG9.mrc,Hsp90-Sba1
2CG9,121,40,32,143.028,147.5786,10.9168,8,2CG9.mrc,Hsp90-Sba1
2CG9,492,155,148,109.6533,308.059,48.5973,8,2CG9.mrc,Hsp90-Sba1
2CG9,364,264,97,15.2868,310.166,287.6002,8,2CG9.mrc,Hsp90-Sba1
2CG9,254,427,164,64.7648,231.6876,61.1632,8,2CG9.mrc,Hsp90-Sba1
2CG9,247,429,128,87.09,267.2207,256.6107,8,2CG9.mrc,Hsp90-Sba1
2CG9,379,79,53,72.7491,100.8758,45.7993,8,2CG9.mrc,Hsp90-Sba1
2CG9,492,235,101,141.0247,234.4542,230.5044,8,2CG9.mrc,Hsp90-Sba1
2CG9,283,404,26,150.4166,189.8694,321.8619,8,2CG9.mrc,Hsp90-Sba1
2CG9,34,428,126,127.3163,82.2624,8.3436,8,2CG9.mrc,Hsp90-Sba1
2CG9,223,294,129,131.8394,13.5968,276.7781,8,2CG9.mrc,Hsp90-Sba1
2CG9,186,319,129,41.0855,162.515,13.6998,8,2CG9.mrc,Hsp90-Sba1
2CG9,169,349,151,145.3539,76.0432,45.1318,8,2CG9.mrc,Hsp90-Sba1
2CG9,348,287,143,17.7226,170.7003,62.0468,8,2CG9.mrc,Hsp90-Sba1
2CG9,166,468,112,75.6509,4.7656,173.9746,8,2CG9.mrc,Hsp90-Sba1
2CG9,53,230,79,67.3846,313.194,64.6794,8,2CG9.mrc,Hsp90-Sba1
2CG9,51,17,106,19.2448,1.0044,107.8196,8,2CG9.mrc,Hsp90-Sba1
2CG9,194,312,169,85.7822,6.7569,246.5048,8,2CG9.mrc,Hsp90-Sba1
2CG9,32,330,29,113.9871,284.4274,71.551,8,2CG9.mrc,Hsp90-Sba1
2CG9,33,145,110,74.8733,249.8074,357.1863,8,2CG9.mrc,Hsp90-Sba1
2CG9,324,83,79,167.8066,29.9947,281.4694,8,2CG9.mrc,Hsp90-Sba1
2CG9,194,403,32,42.1781,267.4625,299.0826,8,2CG9.mrc,Hsp90-Sba1
2CG9,234,375,11,99.8522,282.4513,324.298,8,2CG9.mrc,Hsp90-Sba1
2CG9,26,316,57,90.8079,318.0976,203.933,8,2CG9.mrc,Hsp90-Sba1
2CG9,314,340,127,45.8918,43.9703,350.0742,8,2CG9.mrc,Hsp90-Sba1
2CG9,365,330,168,148.7944,319.5953,197.5968,8,2CG9.mrc,Hsp90-Sba1
2CG9,495,271,38,25.5906,194.5734,318.413,8,2CG9.mrc,Hsp90-Sba1
2CG9,22,137,75,122.1117,275.5363,329.628,8,2CG9.mrc,Hsp90-Sba1
2CG9,244,196,68,104.6467,162.5058,131.5493,8,2CG9.mrc,Hsp90-Sba1
2CG9,366,209,58,77.9697,354.237,239.6354,8,2CG9.mrc,Hsp90-Sba1
2CG9,278,395,64,53.4325,196.8788,306.6424,8,2CG9.mrc,Hsp90-Sba1
2CG9,152,439,89,127.8769,44.7682,49.377,8,2CG9.mrc,Hsp90-Sba1
2CG9,198,404,56,7.3341,142.0974,114.4987,8,2CG9.mrc,Hsp90-Sba1
2CG9,475,18,110,72.8898,355.9172,182.9187,8,2CG9.mrc,Hsp90-Sba1
2CG9,422,116,51,61.9647,143.613,358.1779,8,2CG9.mrc,Hsp90-Sba1
2CG9,119,172,29,68.342,104.3419,308.8112,8,2CG9.mrc,Hsp90-Sba1
2CG9,334,285,154,104.9561,49.4281,312.0624,8,2CG9.mrc,Hsp90-Sba1
2CG9,426,248,26,78.6982,293.3976,178.8571,8,2CG9.mrc,Hsp90-Sba1
2CG9,383,290,134,59.9151,224.8414,51.3135,8,2CG9.mrc,Hsp90-Sba1
2CG9,312,218,69,82.8699,6.6123,148.7607,8,2CG9.mrc,Hsp90-Sba1
2CG9,197,113,162,80.8518,158.8886,27.0419,8,2CG9.mrc,Hsp90-Sba1
2CG9,342,73,120,150.2435,302.1295,254.4625,8,2CG9.mrc,Hsp90-Sba1
2CG9,272,87,90,131.2976,205.4666,109.2501,8,2CG9.mrc,Hsp90-Sba1
2CG9,182,37,100,148.8798,303.1402,330.2914,8,2CG9.mrc,Hsp90-Sba1
2CG9,262,495,98,98.7413,112.4918,57.2086,8,2CG9.mrc,Hsp90-Sba1
2CG9,423,232,71,135.1349,155.29,180.4044,8,2CG9.mrc,Hsp90-Sba1
2CG9,86,140,127,115.3681,276.7207,119.211,8,2CG9.mrc,Hsp90-Sba1
2CG9,439,172,30,40.9418,339.5062,257.2039,8,2CG9.mrc,Hsp90-Sba1
2CG9,341,337,150,21.3435,0.7478,163.2566,8,2CG9.mrc,Hsp90-Sba1
2CG9,290,250,155,99.6829,322.4479,48.7554,8,2CG9.mrc,Hsp90-Sba1
2CG9,410,123,60,72.8507,175.0058,47.6736,8,2CG9.mrc,Hsp90-Sba1
2CG9,299,363,102,67.0348,153.95,25.1307,8,2CG9.mrc,Hsp90-Sba1
2CG9,202,410,168,138.6072,317.7331,133.0132,8,2CG9.mrc,Hsp90-Sba1
2CG9,458,374,118,13.8248,346.8232,179.1166,8,2CG9.mrc,Hsp90-Sba1
2CG9,288,411,85,112.2241,35.1849,171.7714,8,2CG9.mrc,Hsp90-Sba1
2CG9,193,122,32,30.9057,250.2791,308.3804,8,2CG9.mrc,Hsp90-Sba1
2CG9,412,305,72,132.9539,310.1931,358.1383,8,2CG9.mrc,Hsp90-Sba1
2CG9,421,405,101,117.2633,306.3032,93.5454,8,2CG9.mrc,Hsp90-Sba1
2CG9,378,415,43,124.5224,14.9989,328.7564,8,2CG9.mrc,Hsp90-Sba1
2CG9,307,38,46,143.09,358.664,4.0646,8,2CG9.mrc,Hsp90-Sba1
2CG9,433,91,97,67.3734,218.8495,42.8886,8,2CG9.mrc,Hsp90-Sba1
2CG9,147,203,70,133.8258,252.7308,256.6246,8,2CG9.mrc,Hsp90-Sba1
2CG9,264,382,109,83.4665,305.1523,216.8545,8,2CG9.mrc,Hsp90-Sba1
2CG9,289,485,21,108.8795,308.5082,242.8782,8,2CG9.mrc,Hsp90-Sba1
2CG9,200,279,103,53.5629,188.4608,317.6887,8,2CG9.mrc,Hsp90-Sba1
2CG9,325,364,149,69.8846,135.0311,94.2407,8,2CG9.mrc,Hsp90-Sba1
2CG9,164,418,58,104.113,166.1375,28.5499,8,2CG9.mrc,Hsp90-Sba1
2CG9,275,419,55,105.7309,121.5167,156.1693,8,2CG9.mrc,Hsp90-Sba1
2CG9,360,278,53,90.5317,94.3301,276.3699,8,2CG9.mrc,Hsp90-Sba1
2CG9,372,271,67,95.0037,118.9266,21.7184,8,2CG9.mrc,Hsp90-Sba1
2CG9,278,367,91,86.7261,282.8478,331.9092,8,2CG9.mrc,Hsp90-Sba1
2CG9,198,470,92,52.7386,222.3877,79.4449,8,2CG9.mrc,Hsp90-Sba1
2CG9,331,495,18,89.9928,105.2598,329.8386,8,2CG9.mrc,Hsp90-Sba1
2CG9,291,446,147,66.6703,175.546,160.4368,8,2CG9.mrc,Hsp90-Sba1
2CG9,239,173,66,123.7157,329.4117,297.6356,8,2CG9.mrc,Hsp90-Sba1
2CG9,341,170,47,67.4889,97.7982,175.1527,8,2CG9.mrc,Hsp90-Sba1
2CG9,393,77,96,103.2901,346.5422,203.8844,8,2CG9.mrc,Hsp90-Sba1
2CG9,385,101,153,154.6477,297.2985,159.4169,8,2CG9.mrc,Hsp90-Sba1
2CG9,49,318,80,133.0314,336.8514,49.7243,8,2CG9.mrc,Hsp90-Sba1
2CG9,197,15,161,85.8192,354.5504,157.0451,8,2CG9.mrc,Hsp90-Sba1
2CG9,136,185,117,106.1993,49.5106,255.0635,8,2CG9.mrc,Hsp90-Sba1
2CG9,34,152,144,115.4387,311.543,340.6005,8,2CG9.mrc,Hsp90-Sba1
2CG9,205,237,107,143.3404,251.2863,71.215,8,2CG9.mrc,Hsp90-Sba1
2CG9,269,263,34,80.1397,313.113,309.441,8,2CG9.mrc,Hsp90-Sba1
2CG9,137,194,29,133.0095,262.607,93.9763,8,2CG9.mrc,Hsp90-Sba1
2CG9,406,50,105,139.3845,172.0552,77.3132,8,2CG9.mrc,Hsp90-Sba1
2CG9,262,434,135,94.4119,258.5107,354.5811,8,2CG9.mrc,Hsp90-Sba1
2CG9,193,67,69,98.857,341.0315,207.806,8,2CG9.mrc,Hsp90-Sba1
2CG9,76,223,96,133.4443,339.1896,106.1644,8,2CG9.mrc,Hsp90-Sba1
2CG9,38,475,25,170.1949,69.2047,68.072,8,2CG9.mrc,Hsp90-Sba1
2CG9,235,172,138,139.8211,186.4275,118.7903,8,2CG9.mrc,Hsp90-Sba1
2CG9,502,463,28,150.8689,66.1858,219.2466,8,2CG9.mrc,Hsp90-Sba1
2CG9,36,485,69,131.8184,17.1462,330.8338,8,2CG9.mrc,Hsp90-Sba1
2CG9,469,427,122,120.2538,78.4122,237.9402,8,2CG9.mrc,Hsp90-Sba1
2CG9,456,10,33,29.8131,76.0333,270.1294,8,2CG9.mrc,Hsp90-Sba1
2CG9,325,431,11,61.8427,30.5831,122.5035,8,2CG9.mrc,Hsp90-Sba1
2CG9,206,433,21,87.506,218.5416,225.8369,8,2CG9.mrc,Hsp90-Sba1
2CG9,56,268,165,143.3085,335.2138,259.0616,8,2CG9.mrc,Hsp90-Sba1
2CG9,94,160,140,72.5264,170.4899,232.7737,8,2CG9.mrc,Hsp90-Sba1
2CG9,452,255,88,63.6576,6.9234,102.5973,8,2CG9.mrc,Hsp90-Sba1
2CG9,108,458,166,111.1549,355.9988,238.3851,8,2CG9.mrc,Hsp90-Sba1
2CG9,475,27,162,91.1343,231.7207,12.4206,8,2CG9.mrc,Hsp90-Sba1
2CG9,19,18,127,5.3881,288.168,69.1544,8,2CG9.mrc,Hsp90-Sba1
2CG9,174,150,125,60.5454,344.4244,246.1086,8,2CG9.mrc,Hsp90-Sba1
2CG9,452,181,105,134.1544,282.8929,308.8223,8,2CG9.mrc,Hsp90-Sba1
2CG9,76,171,137,96.4249,302.821,280.7666,8,2CG9.mrc,Hsp90-Sba1
2CG9,419,328,87,142.8217,199.5705,333.4086,8,2CG9.mrc,Hsp90-Sba1
2CG9,155,84,71,45.2853,66.3754,218.6591,8,2CG9.mrc,Hsp90-Sba1
4CR2,373,230,36,145.0689,235.5679,321.5138,2,4CR2.mrc,Proteasome26S
4CR2,46,135,149,100.5276,241.2578,280.089,2,4CR2.mrc,Proteasome26S
4CR2,166,184,90,87.3453,185.1575,287.9406,2,4CR2.mrc,Proteasome26S
4CR2,95,114,102,72.192,59.4264,358.4854,2,4CR2.mrc,Proteasome26S
4CR2,260,82,35,91.6502,228.0822,338.4784,2,4CR2.mrc,Proteasome26S
4CR2,72,114,146,38.1286,181.6561,344.6531,2,4CR2.mrc,Proteasome26S
4CR2,374,250,49,83.2556,24.2626,322.6801,2,4CR2.mrc,Proteasome26S
4CR2,485,68,150,94.7946,269.1016,333.3955,2,4CR2.mrc,Proteasome26S
4CR2,277,42,149,139.2722,116.0296,45.8059,2,4CR2.mrc,Proteasome26S
4CR2,229,391,86,111.5365,238.2885,163.2876,2,4CR2.mrc,Proteasome26S
4CR2,43,206,130,45.5078,19.9554,228.3007,2,4CR2.mrc,Proteasome26S
4CR2,278,212,57,9.7756,46.2148,19.3125,2,4CR2.mrc,Proteasome26S
4CR2,452,53,157,138.1279,356.0133,245.832,2,4CR2.mrc,Proteasome26S
4CR2,230,416,50,39.3104,60.1601,226.6961,2,4CR2.mrc,Proteasome26S
4CR2,145,490,131,151.734,79.9762,335.7833,2,4CR2.mrc,Proteasome26S
4CR2,47,310,24,111.7891,352.9933,124.3625,2,4CR2.mrc,Proteasome26S
4CR2,157,85,49,104.6512,44.4211,196.0208,2,4CR2.mrc,Proteasome26S
4CR2,456,373,85,89.0974,88.82,211.4542,2,4CR2.mrc,Proteasome26S
4CR2,272,276,129,136.4728,313.7766,204.4907,2,4CR2.mrc,Proteasome26S
4CR2,320,190,97,124.8944,183.2622,30.652,2,4CR2.mrc,Proteasome26S
4CR2,487,469,137,134.6272,357.162,275.3349,2,4CR2.mrc,Proteasome26S
4CR2,93,37,20,156.3181,49.6002,32.4699,2,4CR2.mrc,Proteasome26S
4CR2,138,39,90,114.9771,227.0263,105.2416,2,4CR2.mrc,Proteasome26S
4CR2,480,418,26,69.426,127.1715,165.3908,2,4CR2.mrc,Proteasome26S
4CR2,446,223,17,164.9074,233.7821,131.3902,2,4CR2.mrc,Proteasome26S
4CR2,87,421,124,41.7839,326.3308,163.0625,2,4CR2.mrc,Proteasome26S
4CR2,153,107,103,64.5055,19.9906,177.0163,2,4CR2.mrc,Proteasome26S
4CR2,34,363,67,122.0594,271.2896,305.0417,2,4CR2.mrc,Proteasome26S
4CR2,287,159,19,71.8699,252.7753,40.6563,2,4CR2.mrc,Proteasome26S
4CR2,414,49,52,21.0488,124.4786,227.5155,2,4CR2.mrc,Proteasome26S
4CR2,464,231,148,84.9341,244.8024,82.0442,2,4CR2.mrc,Proteasome26S
4CR2,472,360,111,95.8283,219.04,76.8727,2,4CR2.mrc,Proteasome26S
4CR2,433,169,106,80.8813,151.0011,280.2583,2,4CR2.mrc,Proteasome26S
4CR2,60,40,154,60.6724,173.4388,284.0653,2,4CR2.mrc,Proteasome26S
4CR2,355,266,152,97.1605,13.9674,273.545,2,4CR2.mrc,Proteasome26S
4CR2,379,191,67,134.5939,279.8017,303.2182,2,4CR2.mrc,Proteasome26S
4CR2,193,445,84,145.402,57.8707,279.8582,2,4CR2.mrc,Proteasome26S
4CR2,214,211,95,43.9697,279.2677,309.0541,2,4CR2.mrc,Proteasome26S
4CR2,278,72,153,81.6796,233.3668,194.4986,2,4CR2.mrc,Proteasome26S
4CR2,391,101,59,72.0909,347.4858,265.268,2,4CR2.mrc,Proteasome26S
4CR2,241,23,119,161.3867,257.6521,327.5446,2,4CR2.mrc,Proteasome26S
4CR2,267,220,153,130.0352,207.5307,324.1266,2,4CR2.mrc,Proteasome26S
4CR2,475,379,67,71.0092,53.4911,219.544,2,4CR2.mrc,Proteasome26S
4CR2,188,140,33,124.2156,335.0787,276.1917,2,4CR2.mrc,Proteasome26S
4CR2,125,141,97,35.3848,101.4736,211.2558,2,4CR2.mrc,Proteasome26S
4CR2,269,305,23,99.0845,333.35,146.3262,2,4CR2.mrc,Proteasome26S
4CR2,44,385,41,137.5261,271.1076,229.1903,2,4CR2.mrc,Proteasome26S
4CR2,164,124,131,74.0801,107.9074,335.2981,2,4CR2.mrc,Proteasome26S
4CR2,219,321,147,134.148,268.0756,140.4937,2,4CR2.mrc,Proteasome26S
4CR2,19,121,41,48.8182,132.8254,284.2488,2,4CR2.mrc,Proteasome26S
4CR2,62,292,72,90.2241,82.9388,142.3328,2,4CR2.mrc,Proteasome26S
4CR2,50,225,41,74.2213,45.6515,56.5223,2,4CR2.mrc,Proteasome26S
4CR2,75,483,29,110.6619,95.9894,124.7354,2,4CR2.mrc,Proteasome26S
4CR2,317,363,101,100.274,0.0702,325.3748,2,4CR2.mrc,Proteasome26S
4CR2,54,117,26,130.7092,63.806,353.0306,2,4CR2.mrc,Proteasome26S
4CR2,317,340,93,87.4423,264.867,67.4605,2,4CR2.mrc,Proteasome26S
4CR2,75,177,162,87.0142,166.526,173.5704,2,4CR2.mrc,Proteasome26S
4CR2,426,382,153,78.653,196.5851,225.8159,2,4CR2.mrc,Proteasome26S
4CR2,17,29,23,154.8951,15.6248,348.2183,2,4CR2.mrc,Proteasome26S
4CR2,239,408,140,120.461,308.709,211.397,2,4CR2.mrc,Proteasome26S
4CR2,310,352,35,60.2035,299.7349,138.976,2,4CR2.mrc,Proteasome26S
4CR2,133,122,79,141.5636,127.2289,59.7674,2,4CR2.mrc,Proteasome26S
4CR2,90,56,61,45.9674,63.8429,352.0356,2,4CR2.mrc,Proteasome26S
4CR2,425,437,66,112.7473,126.7397,25.8249,2,4CR2.mrc,Proteasome26S
4CR2,136,79,30,68.5743,252.6365,341.3975,2,4CR2.mrc,Proteasome26S
4CR2,191,58,122,46.8747,288.4455,136.7456,2,4CR2.mrc,Proteasome26S
4CR2,484,240,76,52.1392,217.9091,229.3324,2,4CR2.mrc,Proteasome26S
4CR2,400,52,91,77.2576,49.3096,163.777,2,4CR2.mrc,Proteasome26S
4CR2,232,193,22,62.4404,357.2146,338.5558,2,4CR2.mrc,Proteasome26S
4CR2,483,282,38,119.127,271.1688,258.8,2,4CR2.mrc,Proteasome26S
4CR2,352,201,143,161.5838,201.2503,359.2511,2,4CR2.mrc,Proteasome26S
4CR2,128,457,58,121.5334,47.7623,140.8021,2,4CR2.mrc,Proteasome26S
4CR2,476,462,65,73.6516,51.7746,174.3829,2,4CR2.mrc,Proteasome26S
4CR2,108,410,27,150.6395,96.0679,311.9164,2,4CR2.mrc,Proteasome26S
4CR2,148,208,154,117.302,147.5437,155.1162,2,4CR2.mrc,Proteasome26S
4CR2,448,367,136,139.1416,358.961,56.2359,2,4CR2.mrc,Proteasome26S
4CR2,289,120,34,76.4573,157.3342,223.6306,2,4CR2.mrc,Proteasome26S
4CR2,426,436,137,44.2653,119.2639,238.0085,2,4CR2.mrc,Proteasome26S
4CR2,489,39,133,157.5322,250.2682,321.8728,2,4CR2.mrc,Proteasome26S
4CR2,194,88,17,70.7812,97.4277,216.1543,2,4CR2.mrc,Proteasome26S
4CR2,126,140,129,111.1615,273.9385,166.5729,2,4CR2.mrc,Proteasome26S
4CR2,147,453,60,71.1065,302.2328,59.4917,2,4CR2.mrc,Proteasome26S
4CR2,178,482,78,23.6993,194.9152,203.4979,2,4CR2.mrc,Proteasome26S
4CR2,188,404,94,100.7196,344.8895,250.1833,2,4CR2.mrc,Proteasome26S
4CR2,385,114,41,66.3678,345.0551,191.6264,2,4CR2.mrc,Proteasome26S
4CR2,429,65,83,67.9065,38.534,64.432,2,4CR2.mrc,Proteasome26S
4CR2,398,76,45,96.7843,248.8456,157.0843,2,4CR2.mrc,Proteasome26S
4CR2,431,366,97,88.2514,47.2687,125.6681,2,4CR2.mrc,Proteasome26S
4CR2,152,157,49,82.061,252.1634,48.7951,2,4CR2.mrc,Proteasome26S
4CR2,404,19,118,43.282,161.2705,105.6055,2,4CR2.mrc,Proteasome26S
4CR2,447,145,75,161.8843,349.4229,48.6782,2,4CR2.mrc,Proteasome26S
4CR2,22,269,104,74.6294,91.2747,262.8259,2,4CR2.mrc,Proteasome26S
4CR2,265,348,126,17.3337,160.0627,51.4971,2,4CR2.mrc,Proteasome26S
4CR2,195,19,136,105.809,34.8257,219.7296,2,4CR2.mrc,Proteasome26S
4CR2,150,297,51,141.5078,43.9359,164.3246,2,4CR2.mrc,Proteasome26S
4CR2,308,264,44,88.2582,182.3832,23.0624,2,4CR2.mrc,Proteasome26S
4CR2,164,22,98,174.8917,350.5728,276.5924,2,4CR2.mrc,Proteasome26S
4CR2,121,299,56,159.3366,343.4627,256.5953,2,4CR2.mrc,Proteasome26S
4CR2,364,489,77,111.9685,328.0182,119.9969,2,4CR2.mrc,Proteasome26S
4CR2,398,248,29,45.7366,111.0958,32.8728,2,4CR2.mrc,Proteasome26S
4CR2,238,51,112,28.8993,211.8733,163.3319,2,4CR2.mrc,Proteasome26S
4CR2,78,417,27,48.9271,353.2391,118.5495,2,4CR2.mrc,Proteasome26S
4CR2,366,227,108,132.5206,0.1247,313.021,2,4CR2.mrc,Proteasome26S
4CR2,447,277,102,59.8176,352.9353,92.3178,2,4CR2.mrc,Proteasome26S
4CR2,365,278,125,124.7834,10.5565,229.7626,2,4CR2.mrc,Proteasome26S
4CR2,414,78,22,138.838,27.6734,235.4471,2,4CR2.mrc,Proteasome26S
4CR2,431,297,54,19.2338,105.6985,254.4019,2,4CR2.mrc,Proteasome26S
4CR2,69,379,68,76.5534,231.2789,26.1775,2,4CR2.mrc,Proteasome26S
4CR2,386,359,75,72.1026,286.8547,87.2627,2,4CR2.mrc,Proteasome26S
4CR2,409,287,124,57.3513,17.8739,269.0302,2,4CR2.mrc,Proteasome26S
4CR2,231,446,162,100.832,216.0176,99.5272,2,4CR2.mrc,Proteasome26S
4CR2,134,163,123,62.1196,99.4867,250.2915,2,4CR2.mrc,Proteasome26S
4CR2,414,451,107,64.0902,344.9459,230.0879,2,4CR2.mrc,Proteasome26S
4CR2,86,225,41,63.2026,197.8215,265.6618,2,4CR2.mrc,Proteasome26S
4CR2,383,368,137,103.1021,52.4636,259.0825,2,4CR2.mrc,Proteasome26S
4CR2,388,129,60,48.4262,14.8879,94.9154,2,4CR2.mrc,Proteasome26S
4CR2,302,363,141,46.4982,293.9016,61.6279,2,4CR2.mrc,Proteasome26S
4CR2,409,228,39,29.6775,36.8513,232.9534,2,4CR2.mrc,Proteasome26S
4CR2,450,494,137,83.3565,140.8032,294.2087,2,4CR2.mrc,Proteasome26S
4CR2,79,465,140,137.9149,82.6875,159.9381,2,4CR2.mrc,Proteasome26S
4CR2,408,267,161,54.3207,165.0025,97.0337,2,4CR2.mrc,Proteasome26S
4CR2,223,441,133,73.9087,4.4418,269.454,2,4CR2.mrc,Proteasome26S
4CR2,173,366,130,73.0471,100.5754,279.215,2,4CR2.mrc,Proteasome26S
4CR2,49,37,30,77.6363,178.7962,72.172,2,4CR2.mrc,Proteasome26S
4CR2,258,235,23,130.1153,349.0802,93.8838,2,4CR2.mrc,Proteasome26S
4CR2,330,119,20,60.6509,222.3828,234.4946,2,4CR2.mrc,Proteasome26S
4CR2,260,236,139,86.9581,264.665,300.855,2,4CR2.mrc,Proteasome26S
4CR2,403,410,102,53.147,170.3218,151.9856,2,4CR2.mrc,Proteasome26S
3GL1,200,132,32,62.9224,279.4299,196.1994,10,3GL1.mrc,Ssb1
3GL1,391,81,67,84.4512,185.5789,150.8031,10,3GL1.mrc,Ssb1
3GL1,382,379,124,133.081,41.2712,314.7978,10,3GL1.mrc,Ssb1
3GL1,299,421,53,95.441,339.9701,105.5517,10,3GL1.mrc,Ssb1
3GL1,166,158,143,140.6846,93.2071,22.6094,10,3GL1.mrc,Ssb1
3GL1,124,293,111,90.022,134.0882,4.8393,10,3GL1.mrc,Ssb1
3GL1,330,134,32,95.8528,314.2504,315.066,10,3GL1.mrc,Ssb1
3GL1,190,140,153,85.2642,79.4634,299.3909,10,3GL1.mrc,Ssb1
3GL1,434,183,134,108.441,176.3443,216.2891,10,3GL1.mrc,Ssb1
3GL1,291,251,13,71.8403,27.3816,101.3838,10,3GL1.mrc,Ssb1
3GL1,220,189,60,94.6872,218.1084,327.8135,10,3GL1.mrc,Ssb1
3GL1,356,443,112,124.6965,52.8362,307.4003,10,3GL1.mrc,Ssb1
3GL1,300,453,142,114.4219,274.7111,316.1455,10,3GL1.mrc,Ssb1
3GL1,404,93,17,60.8959,160.5302,89.2048,10,3GL1.mrc,Ssb1
3GL1,362,124,14,134.211,150.8831,138.0176,10,3GL1.mrc,Ssb1
3GL1,204,203,130,94.6249,329.8983,57.1981,10,3GL1.mrc,Ssb1
3GL1,255,64,109,94.4402,348.3508,358.6777,10,3GL1.mrc,Ssb1
3GL1,223,18,151,47.529,268.5865,140.2014,10,3GL1.mrc,Ssb1
3GL1,468,83,83,103.0136,116.0964,265.7812,10,3GL1.mrc,Ssb1
3GL1,162,132,69,48.4581,315.8333,117.665,10,3GL1.mrc,Ssb1
3GL1,452,95,66,95.7491,95.7075,197.8304,10,3GL1.mrc,Ssb1
3GL1,349,347,164,79.6291,228.0357,72.72,10,3GL1.mrc,Ssb1
3GL1,405,479,61,83.6458,306.2777,257.4108,10,3GL1.mrc,Ssb1
3GL1,265,395,60,143.3527,50.1726,167.1373,10,3GL1.mrc,Ssb1
3GL1,478,389,112,21.7828,183.521,211.7831,10,3GL1.mrc,Ssb1
3GL1,478,138,154,84.7738,359.3483,190.9823,10,3GL1.mrc,Ssb1
3GL1,412,429,47,139.7947,148.0762,223.7239,10,3GL1.mrc,Ssb1
3GL1,94,12,60,140.6763,275.3283,152.0604,10,3GL1.mrc,Ssb1
3GL1,333,203,75,121.5423,205.4582,147.7382,10,3GL1.mrc,Ssb1
3GL1,311,494,82,43.711,193.3165,255.0404,10,3GL1.mrc,Ssb1
3GL1,400,421,26,51.4137,53.6655,79.5669,10,3GL1.mrc,Ssb1
3GL1,90,472,125,69.0921,148.47,54.7737,10,3GL1.mrc,Ssb1
3GL1,134,61,97,104.7753,335.71,290.9926,10,3GL1.mrc,Ssb1
3GL1,77,32,134,100.7623,100.0178,247.6604,10,3GL1.mrc,Ssb1
3GL1,401,419,74,68.4164,82.221,120.8956,10,3GL1.mrc,Ssb1
3GL1,235,193,52,48.1652,182.0979,6.8601,10,3GL1.mrc,Ssb1
3GL1,373,8,147,153.9792,120.3231,22.5013,10,3GL1.mrc,Ssb1
3GL1,214,484,95,128.7763,162.6729,305.8269,10,3GL1.mrc,Ssb1
3GL1,113,343,107,41.1116,20.9232,6.8506,10,3GL1.mrc,Ssb1
3GL1,311,380,31,70.0382,35.2432,288.7936,10,3GL1.mrc,Ssb1
3GL1,194,115,104,47.5688,321.9201,298.3553,10,3GL1.mrc,Ssb1
3GL1,440,387,16,93.5828,125.6455,43.6743,10,3GL1.mrc,Ssb1
3GL1,381,219,169,112.1685,152.4236,183.8139,10,3GL1.mrc,Ssb1
3GL1,112,232,111,92.6575,316.8213,1.4532,10,3GL1.mrc,Ssb1
3GL1,153,261,96,169.689,152.4666,137.6996,10,3GL1.mrc,Ssb1
3GL1,108,464,33,133.7296,129.6424,246.3441,10,3GL1.mrc,Ssb1
3GL1,30,124,89,45.4958,61.6429,5.0906,10,3GL1.mrc,Ssb1
3GL1,274,33,70,91.358,280.1644,344.6038,10,3GL1.mrc,Ssb1
3GL1,474,167,38,67.5586,224.8005,324.0615,10,3GL1.mrc,Ssb1
3GL1,15,136,118,32.2657,260.2123,63.2192,10,3GL1.mrc,Ssb1
3GL1,413,355,34,131.5958,296.2329,26.2289,10,3GL1.mrc,Ssb1
3GL1,433,45,150,71.8936,45.3006,276.0196,10,3GL1.mrc,Ssb1
3GL1,100,144,171,79.0492,134.0778,232.3185,10,3GL1.mrc,Ssb1
3GL1,494,395,49,168.7584,233.6557,131.6889,10,3GL1.mrc,Ssb1
3GL1,113,479,76,127.4049,312.0448,223.8196,10,3GL1.mrc,Ssb1
3GL1,283,72,91,136.6802,100.1346,73.5199,10,3GL1.mrc,Ssb1
3GL1,368,360,90,73.9355,146.7532,15.6019,10,3GL1.mrc,Ssb1
3GL1,167,20,112,85.5903,312.5578,97.1196,10,3GL1.mrc,Ssb1
3GL1,202,135,20,68.4943,317.0574,56.1475,10,3GL1.mrc,Ssb1
3GL1,178,412,110,71.5084,272.3199,199.7904,10,3GL1.mrc,Ssb1
3GL1,426,442,114,102.7983,172.4228,163.7379,10,3GL1.mrc,Ssb1
3GL1,426,69,38,21.2453,213.8586,307.2447,10,3GL1.mrc,Ssb1
3GL1,152,136,168,150.5948,283.2334,7.9329,10,3GL1.mrc,Ssb1
3GL1,284,403,55,27.6013,115.8523,140.836,10,3GL1.mrc,Ssb1
3GL1,145,131,108,114.4248,36.1449,169.9717,10,3GL1.mrc,Ssb1
3GL1,323,90,23,94.3466,123.0629,24.7718,10,3GL1.mrc,Ssb1
3GL1,170,318,30,134.4705,298.4982,275.1575,10,3GL1.mrc,Ssb1
3GL1,181,437,155,134.2133,26.4199,182.3548,10,3GL1.mrc,Ssb1
3GL1,388,264,123,98.3662,204.1624,148.984,10,3GL1.mrc,Ssb1
3GL1,497,30,99,23.7444,101.5219,24.0824,10,3GL1.mrc,Ssb1
3GL1,29,405,145,108.5401,19.1491,17.042,10,3GL1.mrc,Ssb1
3GL1,273,246,69,106.5261,208.4429,359.4619,10,3GL1.mrc,Ssb1
3GL1,259,309,147,165.7215,217.0973,260.9094,10,3GL1.mrc,Ssb1
3GL1,46,175,98,103.0006,180.3619,31.5658,10,3GL1.mrc,Ssb1
3GL1,269,440,159,26.9407,356.6395,112.3702,10,3GL1.mrc,Ssb1
3GL1,70,318,52,79.7168,187.985,107.9572,10,3GL1.mrc,Ssb1
3GL1,419,83,122,63.3501,46.6874,346.8329,10,3GL1.mrc,Ssb1
3GL1,209,263,115,115.721,200.0583,254.2902,10,3GL1.mrc,Ssb1
3GL1,478,415,117,106.9183,277.1088,230.3453,10,3GL1.mrc,Ssb1
3GL1,319,170,36,42.4918,208.5714,293.77,10,3GL1.mrc,Ssb1
3GL1,365,139,44,13.9084,28.3964,277.3017,10,3GL1.mrc,Ssb1
3GL1,373,489,117,57.3147,324.356,144.948,10,3GL1.mrc,Ssb1
3GL1,356,394,10,128.2789,300.0767,331.5376,10,3GL1.mrc,Ssb1
3GL1,387,263,82,64.783,214.1918,54.7924,10,3GL1.mrc,Ssb1
1S3X,260,224,20,49.4533,12.8632,194.3976,12,1S3X.mrc,Hsp70ATPase
1S3X,500,500,141,113.7814,323.7572,114.43,12,1S3X.mrc,Hsp70ATPase
1S3X,206,294,170,36.1304,136.9187,182.0333,12,1S3X.mrc,Hsp70ATPase
1S3X,313,125,114,46.0564,2.5539,82.2355,12,1S3X.mrc,Hsp70ATPase
1S3X,271,504,98,54.5066,289.1343,97.8297,12,1S3X.mrc,Hsp70ATPase
1S3X,345,198,99,70.0775,220.1558,250.4536,12,1S3X.mrc,Hsp70ATPase
1S3X,12,63,123,30.6118,46.1543,54.9658,12,1S3X.mrc,Hsp70ATPase
1S3X,400,336,141,123.3947,203.4907,79.8785,12,1S3X.mrc,Hsp70ATPase
1S3X,31,452,54,90.5786,166.9107,298.338,12,1S3X.mrc,Hsp70ATPase
1S3X,101,91,50,156.9848,61.0129,299.0329,12,1S3X.mrc,Hsp70ATPase
1S3X,97,33,72,147.9047,272.9727,299.6068,12,1S3X.mrc,Hsp70ATPase
1S3X,441,160,165,19.3243,302.5688,122.7507,12,1S3X.mrc,Hsp70ATPase
1S3X,439,445,173,125.1821,210.0889,57.1084,12,1S3X.mrc,Hsp70ATPase
1S3X,15,279,78,44.9372,281.1069,161.8804,12,1S3X.mrc,Hsp70ATPase
1S3X,33,78,146,68.8515,257.5138,102.9745,12,1S3X.mrc,Hsp70ATPase
1S3X,365,203,17,67.4947,281.7216,17.2855,12,1S3X.mrc,Hsp70ATPase
1S3X,474,16,128,47.987,107.103,34.3149,12,1S3X.mrc,Hsp70ATPase
1S3X,48,293,55,114.2903,332.3778,79.6685,12,1S3X.mrc,Hsp70ATPase
1S3X,32,242,23,72.8188,138.1535,21.2464,12,1S3X.mrc,Hsp70ATPase
1S3X,185,448,105,112.397,233.7087,61.3831,12,1S3X.mrc,Hsp70ATPase
1S3X,411,491,54,14.7235,190.4285,178.2334,12,1S3X.mrc,Hsp70ATPase
1S3X,357,493,24,67.3238,333.7195,149.1351,12,1S3X.mrc,Hsp70ATPase
1S3X,457,275,112,16.3446,202.2236,329.6564,12,1S3X.mrc,Hsp70ATPase
1S3X,123,490,165,105.0884,228.5987,88.1831,12,1S3X.mrc,Hsp70ATPase
1S3X,198,14,89,98.4029,141.9894,70.8118,12,1S3X.mrc,Hsp70ATPase
1S3X,253,154,109,27.5853,61.5681,233.1037,12,1S3X.mrc,Hsp70ATPase
1S3X,73,207,161,32.1791,291.4281,192.2811,12,1S3X.mrc,Hsp70ATPase
1S3X,262,257,45,112.7327,220.554,99.857,12,1S3X.mrc,Hsp70ATPase
1S3X,153,102,61,167.083,257.6161,97.4049,12,1S3X.mrc,Hsp70ATPase
1S3X,172,61,26,173.3872,328.6648,297.0604,12,1S3X.mrc,Hsp70ATPase
1S3X,336,470,134,44.9516,166.8739,326.4548,12,1S3X.mrc,Hsp70ATPase
1S3X,367,447,160,89.3896,96.595,210.8237,12,1S3X.mrc,Hsp70ATPase
1S3X,240,45,36,87.0406,139.9037,115.3487,12,1S3X.mrc,Hsp70ATPase
1S3X,433,347,53,99.7498,232.4506,22.6569,12,1S3X.mrc,Hsp70ATPase
1S3X,300,389,99,119.9803,93.8667,277.0639,12,1S3X.mrc,Hsp70ATPase
1S3X,283,391,49,43.0632,130.4438,172.8001,12,1S3X.mrc,Hsp70ATPase
1S3X,295,429,135,67.8022,111.4418,218.585,12,1S3X.mrc,Hsp70ATPase
1S3X,193,396,61,115.7236,14.5147,220.5814,12,1S3X.mrc,Hsp70ATPase
1S3X,157,60,9,106.2424,318.4256,117.1449,12,1S3X.mrc,Hsp70ATPase
1S3X,78,13,63,28.8828,334.9262,256.7117,12,1S3X.mrc,Hsp70ATPase
1S3X,90,65,35,110.1492,145.7315,311.8961,12,1S3X.mrc,Hsp70ATPase
1S3X,296,200,109,38.578,94.846,188.6666,12,1S3X.mrc,Hsp70ATPase
1S3X,146,261,28,128.7996,240.1121,76.7461,12,1S3X.mrc,Hsp70ATPase
1S3X,450,8,111,65.1943,166.0776,139.0219,12,1S3X.mrc,Hsp70ATPase
1S3X,400,162,25,123.5314,8.3728,145.0354,12,1S3X.mrc,Hsp70ATPase
1S3X,326,491,171,63.7067,311.6269,253.1143,12,1S3X.mrc,Hsp70ATPase
1S3X,38,85,129,146.4518,260.1048,256.0141,12,1S3X.mrc,Hsp70ATPase
1S3X,135,83,141,134.6624,48.1268,348.0914,12,1S3X.mrc,Hsp70ATPase
1S3X,190,454,124,146.2854,328.8581,32.8392,12,1S3X.mrc,Hsp70ATPase
1S3X,159,404,132,90.7052,19.8489,188.745,12,1S3X.mrc,Hsp70ATPase
1S3X,220,405,89,62.8551,156.8776,225.2156,12,1S3X.mrc,Hsp70ATPase
1S3X,211,284,171,76.194,83.7554,154.2424,12,1S3X.mrc,Hsp70ATPase
1S3X,365,219,144,113.8552,348.0741,179.6685,12,1S3X.mrc,Hsp70ATPase
1S3X,265,43,36,149.5475,179.7246,167.6087,12,1S3X.mrc,Hsp70ATPase
1S3X,105,72,20,41.0947,28.7375,117.9549,12,1S3X.mrc,Hsp70ATPase
1S3X,86,483,16,95.3226,326.2246,262.3536,12,1S3X.mrc,Hsp70ATPase
1S3X,19,320,118,60.0932,287.7768,128.6584,12,1S3X.mrc,Hsp70ATPase
1S3X,136,36,56,67.3767,268.5289,54.0961,12,1S3X.mrc,Hsp70ATPase
1S3X,332,404,61,63.2946,195.3022,94.0618,12,1S3X.mrc,Hsp70ATPase
1S3X,251,402,99,58.7836,268.4944,67.9169,12,1S3X.mrc,Hsp70ATPase
1S3X,29,208,135,83.5977,207.1549,14.5715,12,1S3X.mrc,Hsp70ATPase
1S3X,483,392,50,160.467,227.4771,255.1998,12,1S3X.mrc,Hsp70ATPase
1S3X,417,368,110,47.9326,14.1846,33.4447,12,1S3X.mrc,Hsp70ATPase
1S3X,104,334,72,60.5954,15.9486,273.8639,12,1S3X.mrc,Hsp70ATPase
1S3X,355,65,81,62.05,103.8512,181.4211,12,1S3X.mrc,Hsp70ATPase
1S3X,117,188,85,82.1559,238.1076,35.7,12,1S3X.mrc,Hsp70ATPase
1S3X,427,26,119,71.2932,215.5358,319.7981,12,1S3X.mrc,Hsp70ATPase
1S3X,180,320,40,68.9786,264.0007,359.6278,12,1S3X.mrc,Hsp70ATPase
1S3X,287,25,26,137.7959,213.4604,196.743,12,1S3X.mrc,Hsp70ATPase
1S3X,12,500,64,151.7857,123.8751,103.4183,12,1S3X.mrc,Hsp70ATPase
1S3X,211,446,38,58.715,187.3444,296.9376,12,1S3X.mrc,Hsp70ATPase
1S3X,440,110,46,80.3471,190.9114,330.024,12,1S3X.mrc,Hsp70ATPase
1S3X,189,474,56,130.3465,317.1586,246.5407,12,1S3X.mrc,Hsp70ATPase
1S3X,105,505,51,37.5627,271.6366,85.7974,12,1S3X.mrc,Hsp70ATPase
1S3X,212,322,96,73.0129,275.3596,354.7283,12,1S3X.mrc,Hsp70ATPase
1S3X,444,11,52,117.9721,358.6106,151.0468,12,1S3X.mrc,Hsp70ATPase
1S3X,25,185,17,58.4301,263.7462,259.9029,12,1S3X.mrc,Hsp70ATPase
1S3X,408,8,108,144.6532,43.3126,241.4185,12,1S3X.mrc,Hsp70ATPase
1S3X,200,469,51,136.4736,44.9663,211.6516,12,1S3X.mrc,Hsp70ATPase
1S3X,224,7,8,49.8071,261.4742,301.1708,12,1S3X.mrc,Hsp70ATPase
1S3X,376,38,19,123.5268,278.695,290.9245,12,1S3X.mrc,Hsp70ATPase
1S3X,316,78,90,98.1842,76.6367,92.4763,12,1S3X.mrc,Hsp70ATPase
1S3X,64,444,31,87.7284,35.1684,173.4149,12,1S3X.mrc,Hsp70ATPase
1S3X,19,155,19,112.7886,292.6814,29.784,12,1S3X.mrc,Hsp70ATPase
1S3X,166,138,38,102.7425,139.4237,260.999,12,1S3X.mrc,Hsp70ATPase
1S3X,171,139,163,113.6721,120.8075,153.577,12,1S3X.mrc,Hsp70ATPase
1S3X,494,313,88,98.9923,18.4828,344.1593,12,1S3X.mrc,Hsp70ATPase
1S3X,314,443,45,96.543,187.1779,294.777,12,1S3X.mrc,Hsp70ATPase
1S3X,311,481,58,51.7633,175.0117,215.747,12,1S3X.mrc,Hsp70ATPase
1S3X,494,208,65,73.8292,94.0308,85.4294,12,1S3X.mrc,Hsp70ATPase
1S3X,147,356,155,70.8814,345.0349,229.374,12,1S3X.mrc,Hsp70ATPase
1S3X,245,164,7,55.3802,163.4041,36.2766,12,1S3X.mrc,Hsp70ATPase
1S3X,497,56,126,102.3684,280.9569,271.8946,12,1S3X.mrc,Hsp70ATPase
1S3X,7,16,20,65.3466,226.3864,122.1247,12,1S3X.mrc,Hsp70ATPase
1S3X,124,369,125,74.0759,219.0889,183.6458,12,1S3X.mrc,Hsp70ATPase
1S3X,25,133,43,60.6472,300.986,240.6485,12,1S3X.mrc,Hsp70ATPase
1S3X,387,262,134,81.4032,186.2734,192.3794,12,1S3X.mrc,Hsp70ATPase
1S3X,128,496,82,47.4521,22.4075,127.9764,12,1S3X.mrc,Hsp70ATPase
1S3X,211,473,59,114.9017,4.5654,5.4417,12,1S3X.mrc,Hsp70ATPase
1S3X,397,481,27,110.777,96.4786,72.378,12,1S3X.mrc,Hsp70ATPase
1S3X,313,72,46,105.0249,202.6876,72.9272,12,1S3X.mrc,Hsp70ATPase
1S3X,503,178,145,50.1914,25.2218,171.4811,12,1S3X.mrc,Hsp70ATPase
1S3X,446,306,6,63.5127,76.1137,234.4915,12,1S3X.mrc,Hsp70ATPase
1S3X,317,326,136,129.9416,290.5563,183.2289,12,1S3X.mrc,Hsp70ATPase
1S3X,288,251,66,101.1027,99.4158,140.2737,12,1S3X.mrc,Hsp70ATPase
1S3X,46,73,77,30.5585,300.0473,25.6222,12,1S3X.mrc,Hsp70ATPase
1S3X,478,109,80,106.5198,252.7148,237.4594,12,1S3X.mrc,Hsp70ATPase
1S3X,301,117,118,110.4479,279.4073,239.9288,12,1S3X.mrc,Hsp70ATPase
1S3X,26,228,38,71.5616,2.9706,203.8483,12,1S3X.mrc,Hsp70ATPase
1S3X,299,472,24,162.7631,195.3384,190.5181,12,1S3X.mrc,Hsp70ATPase
1S3X,488,366,169,109.1687,276.1035,200.6624,12,1S3X.mrc,Hsp70ATPase
1S3X,478,408,161,84.4456,232.0028,160.942,12,1S3X.mrc,Hsp70ATPase
1S3X,223,362,76,50.6799,122.6692,239.8656,12,1S3X.mrc,Hsp70ATPase
1S3X,122,182,8,109.6897,206.4716,207.0237,12,1S3X.mrc,Hsp70ATPase
4V94,346,319,110,115.9152,218.558,341.9866,1,4V94_fixed_rescaled.mrc,TRiC-CCT
4V94,335,303,157,123.9709,125.6929,340.7697,1,4V94_fixed_rescaled.mrc,TRiC-CCT
4V94,378,117,122,51.6378,64.8787,267.7225,1,4V94_fixed_rescaled.mrc,TRiC-CCT
4V94,19,54,166,75.1252,160.8826,289.1737,1,4V94_fixed_rescaled.mrc,TRiC-CCT
4V94,325,277,130,116.3925,139.1194,301.1811,1,4V94_fixed_rescaled.mrc,TRiC-CCT
4V94,313,490,38,43.2783,160.3252,127.9143,1,4V94_fixed_rescaled.mrc,TRiC-CCT
4V94,316,321,120,77.5291,289.484,149.5162,1,4V94_fixed_rescaled.mrc,TRiC-CCT
4V94,377,383,77,70.1851,283.7772,77.2063,1,4V94_fixed_rescaled.mrc,TRiC-CCT
4V94,296,59,71,118.2175,53.2101,254.5517,1,4V94_fixed_rescaled.mrc,TRiC-CCT
4V94,12,290,16,91.5459,122.9474,176.7163,1,4V94_fixed_rescaled.mrc,TRiC-CCT
4V94,420,419,151,98.2637,234.4162,87.3494,1,4V94_fixed_rescaled.mrc,TRiC-CCT
4V94,100,488,23,140.9705,267.0372,223.8538,1,4V94_fixed_rescaled.mrc,TRiC-CCT
4V94,173,461,158,67.4696,184.8817,171.4658,1,4V94_fixed_rescaled.mrc,TRiC-CCT
4V94,403,61,14,61.8469,96.5198,282.0145,1,4V94_fixed_rescaled.mrc,TRiC-CCT
4V94,473,37,119,162.6956,234.1159,40.6793,1,4V94_fixed_rescaled.mrc,TRiC-CCT
4V94,478,187,131,133.1222,84.5197,189.5554,1,4V94_fixed_rescaled.mrc,TRiC-CCT
4V94,242,239,115,71.1054,124.1757,85.643,1,4V94_fixed_rescaled.mrc,TRiC-CCT
4V94,326,301,141,130.6996,243.632,73.2266,1,4V94_fixed_rescaled.mrc,TRiC-CCT
4V94,243,315,140,73.8875,6.2968,212.0883,1,4V94_fixed_rescaled.mrc,TRiC-CCT
4V94,286,73,43,109.5113,277.134,265.4069,1,4V94_fixed_rescaled.mrc,TRiC-CCT
4V94,467,155,65,88.5566,146.8427,17.8209,1,4V94_fixed_rescaled.mrc,TRiC-CCT
4V94,273,410,95,82.856,197.6079,121.0255,1,4V94_fixed_rescaled.mrc,TRiC-CCT
4V94,245,225,36,19.726,86.5239,18.4037,1,4V94_fixed_rescaled.mrc,TRiC-CCT
4V94,237,301,36,93.6587,276.1242,180.4276,1,4V94_fixed_rescaled.mrc,TRiC-CCT
4V94,280,12,129,67.064,322.5667,191.0759,1,4V94_fixed_rescaled.mrc,TRiC-CCT
4V94,320,26,130,46.554,228.3152,333.1094,1,4V94_fixed_rescaled.mrc,TRiC-CCT
4V94,148,318,95,52.5527,14.8365,313.2647,1,4V94_fixed_rescaled.mrc,TRiC-CCT
4V94,163,426,138,118.9421,149.0555,40.839,1,4V94_fixed_rescaled.mrc,TRiC-CCT
4V94,49,208,67,56.7814,118.1551,106.2518,1,4V94_fixed_rescaled.mrc,TRiC-CCT
4V94,229,208,167,23.765,286.4629,102.6453,1,4V94_fixed_rescaled.mrc,TRiC-CCT
4V94,405,214,131,59.736,214.2121,85.1029,1,4V94_fixed_rescaled.mrc,TRiC-CCT
4V94,262,453,22,74.8425,186.9482,52.3518,1,4V94_fixed_rescaled.mrc,TRiC-CCT
4V94,197,343,119,42.5637,43.892,173.8201,1,4V94_fixed_rescaled.mrc,TRiC-CCT
4V94,384,393,58,73.5692,10.4502,140.9624,1,4V94_fixed_rescaled.mrc,TRiC-CCT
4V94,430,24,157,70.661,114.4403,138.0126,1,4V94_fixed_rescaled.mrc,TRiC-CCT
4V94,377,185,121,128.3833,100.8614,32.9903,1,4V94_fixed_rescaled.mrc,TRiC-CCT
4V94,263,295,44,162.5772,66.222,344.5786,1,4V94_fixed_rescaled.mrc,TRiC-CCT
4V94,231,116,156,104.191,255.0814,233.6646,1,4V94_fixed_rescaled.mrc,TRiC-CCT
4V94,331,189,59,147.8488,261.2276,204.8521,1,4V94_fixed_rescaled.mrc,TRiC-CCT
4V94,252,287,134,65.3794,11.7109,171.9726,1,4V94_fixed_rescaled.mrc,TRiC-CCT
4V94,284,368,118,133.1639,49.8869,37.6906,1,4V94_fixed_rescaled.mrc,TRiC-CCT
4V94,376,239,162,83.455,261.017,166.5668,1,4V94_fixed_rescaled.mrc,TRiC-CCT
4V94,394,308,146,90.1863,328.5448,118.954,1,4V94_fixed_rescaled.mrc,TRiC-CCT
4V94,304,249,27,90.897,157.3631,187.1889,1,4V94_fixed_rescaled.mrc,TRiC-CCT
4V94,416,237,19,130.4528,248.0535,118.7399,1,4V94_fixed_rescaled.mrc,TRiC-CCT
4V94,354,104,72,118.2893,252.9315,72.7784,1,4V94_fixed_rescaled.mrc,TRiC-CCT
4V94,187,93,63,30.3667,281.8692,162.0394,1,4V94_fixed_rescaled.mrc,TRiC-CCT
4V94,412,149,33,134.2346,331.8023,327.6032,1,4V94_fixed_rescaled.mrc,TRiC-CCT
4V94,350,160,150,138.0194,198.0568,187.6166,1,4V94_fixed_rescaled.mrc,TRiC-CCT
4V94,327,297,112,141.8045,273.7538,15.4723,1,4V94_fixed_rescaled.mrc,TRiC-CCT
4V94,125,408,18,128.8952,267.0929,230.8358,1,4V94_fixed_rescaled.mrc,TRiC-CCT
4V94,271,406,163,20.9421,235.8994,116.1027,1,4V94_fixed_rescaled.mrc,TRiC-CCT
4V94,31,498,161,35.3587,175.0505,138.5008,1,4V94_fixed_rescaled.mrc,TRiC-CCT
4V94,68,139,131,139.4537,3.4335,122.7502,1,4V94_fixed_rescaled.mrc,TRiC-CCT
4V94,443,422,56,65.2184,296.3769,36.3988,1,4V94_fixed_rescaled.mrc,TRiC-CCT
4V94,474,199,69,102.6069,281.1151,38.4589,1,4V94_fixed_rescaled.mrc,TRiC-CCT
4V94,173,144,101,116.5851,59.279,266.3704,1,4V94_fixed_rescaled.mrc,TRiC-CCT
4V94,92,103,18,70.0926,135.9201,348.3178,1,4V94_fixed_rescaled.mrc,TRiC-CCT
4V94,16,129,160,61.9939,156.5609,305.8223,1,4V94_fixed_rescaled.mrc,TRiC-CCT
4V94,229,356,100,148.9707,102.7622,62.7507,1,4V94_fixed_rescaled.mrc,TRiC-CCT
4V94,159,304,158,135.5877,39.5337,152.9769,1,4V94_fixed_rescaled.mrc,TRiC-CCT
4V94,295,25,106,46.1804,314.4035,314.9996,1,4V94_fixed_rescaled.mrc,TRiC-CCT
4V94,103,182,161,93.115,112.3936,244.8153,1,4V94_fixed_rescaled.mrc,TRiC-CCT
4V94,151,169,65,91.8498,264.0955,328.7737,1,4V94_fixed_rescaled.mrc,TRiC-CCT
4V94,488,133,44,20.6997,337.8628,112.207,1,4V94_fixed_rescaled.mrc,TRiC-CCT
4V94,324,81,113,126.5221,245.2149,107.0437,1,4V94_fixed_rescaled.mrc,TRiC-CCT
4V94,483,271,75,154.8687,217.0151,192.3665,1,4V94_fixed_rescaled.mrc,TRiC-CCT
4V94,227,225,131,90.9376,190.0661,194.8229,1,4V94_fixed_rescaled.mrc,TRiC-CCT
4V94,249,237,166,87.0069,286.4537,168.2206,1,4V94_fixed_rescaled.mrc,TRiC-CCT
4V94,123,490,130,64.4207,274.2144,188.9808,1,4V94_fixed_rescaled.mrc,TRiC-CCT
4V94,185,479,113,93.0809,102.8753,60.7215,1,4V94_fixed_rescaled.mrc,TRiC-CCT
4V94,386,174,27,112.9524,38.4819,67.1909,1,4V94_fixed_rescaled.mrc,TRiC-CCT
4V94,441,353,145,90.0717,72.209,287.5164,1,4V94_fixed_rescaled.mrc,TRiC-CCT
4V94,479,19,69,43.46,98.8095,333.7829,1,4V94_fixed_rescaled.mrc,TRiC-CCT
4V94,173,115,97,55.8733,290.0692,100.6062,1,4V94_fixed_rescaled.mrc,TRiC-CCT
4V94,299,393,123,105.7378,49.3345,133.6376,1,4V94_fixed_rescaled.mrc,TRiC-CCT
4V94,317,478,135,69.9356,44.6231,328.6883,1,4V94_fixed_rescaled.mrc,TRiC-CCT
4V94,216,241,167,64.2229,78.2634,40.7855,1,4V94_fixed_rescaled.mrc,TRiC-CCT
4V94,349,321,67,131.112,167.8982,324.3735,1,4V94_fixed_rescaled.mrc,TRiC-CCT
4V94,105,63,101,136.0295,180.4956,148.4138,1,4V94_fixed_rescaled.mrc,TRiC-CCT
4V94,443,128,130,123.8768,58.2821,164.079,1,4V94_fixed_rescaled.mrc,TRiC-CCT
4V94,448,401,73,26.6945,255.1798,270.9925,1,4V94_fixed_rescaled.mrc,TRiC-CCT
4V94,297,410,18,95.8694,191.6889,165.3122,1,4V94_fixed_rescaled.mrc,TRiC-CCT
4V94,266,35,46,115.2568,48.5597,53.727,1,4V94_fixed_rescaled.mrc,TRiC-CCT
4V94,291,37,162,87.2524,97.177,93.9556,1,4V94_fixed_rescaled.mrc,TRiC-CCT
4V94,236,150,155,65.0568,314.1838,244.3125,1,4V94_fixed_rescaled.mrc,TRiC-CCT
4V94,180,139,80,91.9003,188.1107,273.7243,1,4V94_fixed_rescaled.mrc,TRiC-CCT
4V94,238,278,67,142.0389,111.9495,192.4193,1,4V94_fixed_rescaled.mrc,TRiC-CCT
4V94,466,419,139,108.3609,8.1221,344.8643,1,4V94_fixed_rescaled.mrc,TRiC-CCT
4V94,183,20,51,101.8973,119.007,35.0269,1,4V94_fixed_rescaled.mrc,TRiC-CCT
4V94,432,142,49,150.0168,248.4159,86.2096,1,4V94_fixed_rescaled.mrc,TRiC-CCT
4V94,270,169,63,109.3456,151.7997,108.5603,1,4V94_fixed_rescaled.mrc,TRiC-CCT
4V94,101,168,53,104.7513,70.1791,70.1929,1,4V94_fixed_rescaled.mrc,TRiC-CCT
4V94,172,453,70,88.4885,259.4047,317.9898,1,4V94_fixed_rescaled.mrc,TRiC-CCT
4V94,51,415,136,157.5581,168.9393,297.069,1,4V94_fixed_rescaled.mrc,TRiC-CCT
4V94,165,254,48,32.4938,82.8027,161.4978,1,4V94_fixed_rescaled.mrc,TRiC-CCT
4V94,66,99,98,93.9716,314.0169,219.4646,1,4V94_fixed_rescaled.mrc,TRiC-CCT
4V94,376,213,71,33.0693,312.6531,73.9716,1,4V94_fixed_rescaled.mrc,TRiC-CCT
4V94,64,47,58,103.5345,317.6369,298.5863,1,4V94_fixed_rescaled.mrc,TRiC-CCT
4V94,377,86,16,71.1525,46.5241,310.2871,1,4V94_fixed_rescaled.mrc,TRiC-CCT
3H84,402,473,109,123.3073,190.868,168.8511,9,3H84.mrc,GET3
3H84,231,377,34,82.35,13.6101,47.9298,9,3H84.mrc,GET3
3H84,425,481,82,75.4705,163.1621,103.3735,9,3H84.mrc,GET3
3H84,430,125,146,23.1842,76.1253,252.9472,9,3H84.mrc,GET3
3H84,183,39,142,49.0241,33.0094,267.9125,9,3H84.mrc,GET3
3H84,115,309,26,98.2625,179.1471,168.2488,9,3H84.mrc,GET3
3H84,56,109,101,60.5792,84.9954,283.2988,9,3H84.mrc,GET3
3H84,389,130,160,32.3767,111.8482,171.2319,9,3H84.mrc,GET3
3H84,219,82,94,154.678,126.4242,58.428,9,3H84.mrc,GET3
3H84,420,476,58,76.3197,185.7397,312.3856,9,3H84.mrc,GET3
3H84,477,148,10,101.6879,154.1407,156.6521,9,3H84.mrc,GET3
3H84,187,476,43,125.3757,334.9912,359.4559,9,3H84.mrc,GET3
3H84,386,161,101,21.7461,275.6359,317.1306,9,3H84.mrc,GET3
3H84,124,261,94,19.4004,188.6217,309.9595,9,3H84.mrc,GET3
3H84,431,173,141,87.0342,204.7018,338.0735,9,3H84.mrc,GET3
3H84,238,116,57,44.8887,116.2835,1.396,9,3H84.mrc,GET3
3H84,310,167,105,141.386,127.9923,47.1998,9,3H84.mrc,GET3
3H84,304,218,41,135.6579,230.3298,120.1963,9,3H84.mrc,GET3
3H84,356,154,132,127.0924,102.0304,13.0082,9,3H84.mrc,GET3
3H84,283,383,42,115.6686,208.8017,38.703,9,3H84.mrc,GET3
3H84,105,63,70,121.6499,301.2942,119.3403,9,3H84.mrc,GET3
3H84,461,392,163,11.3492,21.6355,255.5195,9,3H84.mrc,GET3
3H84,263,486,115,82.9128,114.7947,307.9835,9,3H84.mrc,GET3
3H84,191,372,154,69.5564,210.052,1.0744,9,3H84.mrc,GET3
3H84,50,327,71,137.6487,159.2802,331.8256,9,3H84.mrc,GET3
3H84,24,154,10,57.8217,316.4339,228.2147,9,3H84.mrc,GET3
3H84,29,222,18,129.6621,29.9797,314.1641,9,3H84.mrc,GET3
3H84,348,336,76,78.5815,19.3497,115.4122,9,3H84.mrc,GET3
3H84,471,104,163,105.2588,44.2519,213.9051,9,3H84.mrc,GET3
3H84,172,491,46,29.6863,130.3825,67.3039,9,3H84.mrc,GET3
3H84,196,202,22,79.4444,272.1874,266.4513,9,3H84.mrc,GET3
3H84,81,245,113,123.2775,5.1601,183.0519,9,3H84.mrc,GET3
3H84,447,311,138,29.8175,45.8909,286.2093,9,3H84.mrc,GET3
3H84,238,454,73,47.502,115.8992,37.6096,9,3H84.mrc,GET3
3H84,67,140,77,80.0787,145.0213,17.6234,9,3H84.mrc,GET3
3H84,433,97,102,91.9165,259.0223,217.5046,9,3H84.mrc,GET3
3H84,272,214,80,49.7945,351.5549,244.6323,9,3H84.mrc,GET3
3H84,16,319,33,112.9957,65.6074,144.0533,9,3H84.mrc,GET3
3H84,294,104,28,98.3944,28.8649,168.393,9,3H84.mrc,GET3
3H84,484,431,158,118.6173,236.5887,49.4755,9,3H84.mrc,GET3
3H84,73,333,26,67.4068,230.786,127.2799,9,3H84.mrc,GET3
3H84,442,105,155,25.9403,267.4064,15.9878,9,3H84.mrc,GET3
3H84,311,138,139,74.9867,306.8304,37.9783,9,3H84.mrc,GET3
3H84,125,369,13,28.9701,267.78,194.3836,9,3H84.mrc,GET3
3H84,295,400,63,136.1437,88.824,136.7693,9,3H84.mrc,GET3
3H84,138,52,20,121.9439,251.313,217.2999,9,3H84.mrc,GET3
3H84,151,374,157,128.3011,190.8768,29.2653,9,3H84.mrc,GET3
3H84,449,121,96,101.6452,156.9099,217.0439,9,3H84.mrc,GET3
3H84,35,108,75,32.854,306.7985,83.0628,9,3H84.mrc,GET3
3H84,320,242,55,77.8883,268.869,31.7149,9,3H84.mrc,GET3
3H84,412,299,30,120.6637,259.131,354.1697,9,3H84.mrc,GET3
3H84,270,55,166,39.6859,297.5936,30.3201,9,3H84.mrc,GET3
3H84,239,66,149,105.6122,146.1429,270.6807,9,3H84.mrc,GET3
3H84,274,144,125,110.7545,319.7284,48.6407,9,3H84.mrc,GET3
3H84,300,357,54,76.9598,1.5735,290.2728,9,3H84.mrc,GET3
3H84,18,198,13,49.9461,115.2267,301.3215,9,3H84.mrc,GET3
3H84,170,31,152,79.295,159.6548,202.8508,9,3H84.mrc,GET3
3H84,455,401,108,137.8017,86.9006,172.9622,9,3H84.mrc,GET3
3H84,462,474,97,99.1495,300.1657,243.4343,9,3H84.mrc,GET3
3H84,353,33,65,7.4654,150.7809,327.8267,9,3H84.mrc,GET3
3H84,76,300,19,37.4344,97.8047,188.9883,9,3H84.mrc,GET3
3H84,470,477,158,139.093,124.1154,142.4859,9,3H84.mrc,GET3
3H84,322,225,99,72.7591,30.1744,159.6596,9,3H84.mrc,GET3
3H84,281,232,73,75.8544,145.1316,329.9902,9,3H84.mrc,GET3
3H84,366,234,16,140.0871,237.0432,294.107,9,3H84.mrc,GET3
3H84,249,488,113,97.3825,230.5597,184.2076,9,3H84.mrc,GET3
3H84,249,29,88,93.3146,49.0747,18.6785,9,3H84.mrc,GET3
3H84,148,392,153,81.8476,15.0168,316.7668,9,3H84.mrc,GET3
3H84,69,63,31,77.5326,308.4262,142.2269,9,3H84.mrc,GET3
3H84,435,236,134,129.849,335.5235,219.8011,9,3H84.mrc,GET3
3H84,311,480,73,114.1213,86.4084,94.572,9,3H84.mrc,GET3
3H84,413,146,137,60.7462,299.988,35.5096,9,3H84.mrc,GET3
3H84,290,131,151,116.9143,113.3654,186.8577,9,3H84.mrc,GET3
3H84,98,26,62,112.7831,214.7977,350.4741,9,3H84.mrc,GET3
3H84,182,171,40,89.8183,29.209,166.8021,9,3H84.mrc,GET3
3H84,320,477,57,60.6496,120.3144,43.7797,9,3H84.mrc,GET3
3H84,273,403,45,132.2272,133.7303,297.2169,9,3H84.mrc,GET3
3H84,31,175,47,88.4927,32.4578,331.1317,9,3H84.mrc,GET3
3H84,281,369,57,108.0182,63.6165,50.0404,9,3H84.mrc,GET3
3H84,92,244,39,53.6248,44.3991,63.6804,9,3H84.mrc,GET3
3H84,399,95,76,135.3962,286.9058,324.8147,9,3H84.mrc,GET3
3H84,258,339,78,126.2939,34.7837,249.7089,9,3H84.mrc,GET3
3H84,257,212,90,114.8322,109.6434,340.8798,9,3H84.mrc,GET3
3H84,499,479,39,57.0205,18.8652,309.7007,9,3H84.mrc,GET3
3H84,421,13,150,35.7384,229.4867,49.723,9,3H84.mrc,GET3
3H84,142,416,103,102.2114,20.3535,180.2234,9,3H84.mrc,GET3
3H84,223,149,145,144.2694,209.2476,264.4951,9,3H84.mrc,GET3
3H84,262,78,17,102.4743,120.6158,229.2827,9,3H84.mrc,GET3
3H84,290,165,102,47.5474,271.5325,26.8465,9,3H84.mrc,GET3
3H84,87,43,167,87.4342,258.8763,237.4741,9,3H84.mrc,GET3
3H84,390,24,155,120.4126,254.134,346.2003,9,3H84.mrc,GET3
3H84,242,134,143,45.8522,358.3123,107.4634,9,3H84.mrc,GET3
3H84,214,89,57,97.8928,288.3451,197.6235,9,3H84.mrc,GET3
3H84,498,262,126,117.9877,288.9648,9.3416,9,3H84.mrc,GET3
3H84,106,95,132,134.9508,244.7256,70.3759,9,3H84.mrc,GET3
3H84,329,422,169,143.0991,145.3217,192.7478,9,3H84.mrc,GET3
3H84,211,358,47,83.4187,152.5532,23.9688,9,3H84.mrc,GET3
3H84,26,490,38,103.7893,151.0451,297.5746,9,3H84.mrc,GET3
3H84,319,337,39,93.7362,212.696,16.7151,9,3H84.mrc,GET3
3H84,471,450,39,57.1741,0.6226,299.3161,9,3H84.mrc,GET3
3H84,500,490,108,92.0777,172.4592,33.2261,9,3H84.mrc,GET3
3QM1,19,417,168,37.5653,243.2397,240.4654,11,3QM1.mrc,LJ0536
3QM1,74,99,81,121.4278,1.7266,47.9711,11,3QM1.mrc,LJ0536
3QM1,370,182,102,42.3528,162.3761,128.3306,11,3QM1.mrc,LJ0536
3QM1,175,218,159,80.4718,261.6772,308.1878,11,3QM1.mrc,LJ0536
3QM1,119,296,131,102.2273,334.8546,340.1278,11,3QM1.mrc,LJ0536
3QM1,441,410,148,103.2281,302.1644,303.2871,11,3QM1.mrc,LJ0536
3QM1,131,465,130,132.492,49.9801,276.8495,11,3QM1.mrc,LJ0536
3QM1,412,11,70,137.3727,72.4253,355.6343,11,3QM1.mrc,LJ0536
3QM1,494,199,156,153.0543,228.5397,144.4539,11,3QM1.mrc,LJ0536
3QM1,216,463,38,109.3292,141.6498,7.4562,11,3QM1.mrc,LJ0536
3QM1,78,387,86,90.0266,240.262,316.1369,11,3QM1.mrc,LJ0536
3QM1,253,470,80,121.4113,215.5575,78.6092,11,3QM1.mrc,LJ0536
3QM1,59,239,128,117.7924,245.4804,99.8205,11,3QM1.mrc,LJ0536
3QM1,127,427,158,33.6481,190.315,154.768,11,3QM1.mrc,LJ0536
3QM1,20,37,161,87.4677,47.3221,204.6103,11,3QM1.mrc,LJ0536
3QM1,343,114,99,151.5861,48.7459,108.1878,11,3QM1.mrc,LJ0536
3QM1,204,120,21,122.6288,234.7349,94.6372,11,3QM1.mrc,LJ0536
3QM1,153,410,170,134.0841,279.1071,294.1104,11,3QM1.mrc,LJ0536
3QM1,131,32,31,55.9777,101.5342,311.5751,11,3QM1.mrc,LJ0536
3QM1,330,139,92,68.1924,280.5739,293.6624,11,3QM1.mrc,LJ0536
3QM1,460,386,113,122.5406,166.8597,298.0406,11,3QM1.mrc,LJ0536
3QM1,175,468,14,142.1958,348.7606,303.5128,11,3QM1.mrc,LJ0536
3QM1,411,259,48,70.8634,100.6629,247.3108,11,3QM1.mrc,LJ0536
3QM1,486,425,142,63.1541,209.9529,84.6688,11,3QM1.mrc,LJ0536
3QM1,267,395,70,52.6435,178.5367,247.1014,11,3QM1.mrc,LJ0536
3QM1,206,434,30,127.8246,264.5796,356.2256,11,3QM1.mrc,LJ0536
3QM1,449,66,44,123.1047,153.9307,152.8548,11,3QM1.mrc,LJ0536
3QM1,306,463,42,119.2502,153.4053,65.6187,11,3QM1.mrc,LJ0536
3QM1,363,187,60,95.3349,140.2256,79.1907,11,3QM1.mrc,LJ0536
3QM1,224,253,43,92.7398,352.5655,76.3302,11,3QM1.mrc,LJ0536
3QM1,384,468,45,116.4927,218.8458,349.3589,11,3QM1.mrc,LJ0536
3QM1,485,349,101,159.3336,324.3345,331.7576,11,3QM1.mrc,LJ0536
3QM1,261,365,122,128.7079,307.193,142.413,11,3QM1.mrc,LJ0536
3QM1,408,106,22,95.8727,40.5518,270.3286,11,3QM1.mrc,LJ0536
3QM1,137,411,39,85.4887,328.2929,225.5506,11,3QM1.mrc,LJ0536
3QM1,225,73,36,85.0589,344.4307,270.9319,11,3QM1.mrc,LJ0536
3QM1,454,354,77,66.2873,351.2635,206.4414,11,3QM1.mrc,LJ0536
3QM1,127,94,109,113.2921,353.1427,91.5113,11,3QM1.mrc,LJ0536
3QM1,85,347,32,37.2287,324.6529,62.1578,11,3QM1.mrc,LJ0536
3QM1,100,53,8,59.9037,98.1969,32.7226,11,3QM1.mrc,LJ0536
3QM1,482,378,144,17.8057,71.9843,336.6929,11,3QM1.mrc,LJ0536
3QM1,171,236,160,125.1397,126.507,33.2071,11,3QM1.mrc,LJ0536
3QM1,359,17,121,77.8966,336.335,302.8207,11,3QM1.mrc,LJ0536
3QM1,368,375,162,2.7289,188.2966,117.4161,11,3QM1.mrc,LJ0536
3QM1,38,132,10,107.4127,344.8505,90.1552,11,3QM1.mrc,LJ0536
3QM1,299,155,101,28.2744,173.2967,295.8169,11,3QM1.mrc,LJ0536
3QM1,311,415,127,178.4348,324.0843,290.8111,11,3QM1.mrc,LJ0536
3QM1,83,26,160,157.3005,3.2458,200.6198,11,3QM1.mrc,LJ0536
3QM1,226,45,8,107.4811,82.0325,332.2424,11,3QM1.mrc,LJ0536
3QM1,19,191,87,168.3774,352.6351,350.4507,11,3QM1.mrc,LJ0536
3QM1,265,376,139,71.883,213.248,74.8043,11,3QM1.mrc,LJ0536
3QM1,348,404,78,44.0979,199.9954,165.9821,11,3QM1.mrc,LJ0536
3QM1,247,181,84,105.2438,75.3931,180.4133,11,3QM1.mrc,LJ0536
3QM1,274,181,122,94.7644,158.3753,102.4796,11,3QM1.mrc,LJ0536
3QM1,329,322,59,114.6848,318.5707,32.1017,11,3QM1.mrc,LJ0536
3QM1,128,113,105,91.3495,357.1683,68.9598,11,3QM1.mrc,LJ0536
3QM1,185,478,171,104.3655,191.495,89.7249,11,3QM1.mrc,LJ0536
3QM1,172,121,9,160.972,318.9504,8.3776,11,3QM1.mrc,LJ0536
3QM1,339,146,17,159.8565,302.2398,160.0626,11,3QM1.mrc,LJ0536
3QM1,169,259,166,35.4898,79.9676,122.12,11,3QM1.mrc,LJ0536
3QM1,44,46,46,75.7054,50.7265,36.4618,11,3QM1.mrc,LJ0536
3QM1,364,26,67,19.6779,337.3245,106.9003,11,3QM1.mrc,LJ0536
3QM1,18,258,160,54.7534,334.2818,76.4848,11,3QM1.mrc,LJ0536
3QM1,95,268,81,15.8675,171.2678,5.5825,11,3QM1.mrc,LJ0536
3QM1,105,311,12,134.6202,136.3523,353.6813,11,3QM1.mrc,LJ0536
3QM1,384,236,18,98.9805,148.95,187.0833,11,3QM1.mrc,LJ0536
3QM1,141,358,33,129.6117,133.2723,293.0759,11,3QM1.mrc,LJ0536
3QM1,288,143,85,124.6042,273.0612,90.8739,11,3QM1.mrc,LJ0536
3QM1,196,164,133,25.2869,87.5289,101.9069,11,3QM1.mrc,LJ0536
3QM1,434,199,74,157.522,310.0473,147.8672,11,3QM1.mrc,LJ0536
3QM1,416,111,100,69.271,110.7687,228.1311,11,3QM1.mrc,LJ0536
3QM1,382,458,152,91.3355,201.5378,330.7895,11,3QM1.mrc,LJ0536
3QM1,409,468,51,85.8866,339.374,91.0482,11,3QM1.mrc,LJ0536
3QM1,293,264,20,67.3282,276.995,289.2297,11,3QM1.mrc,LJ0536
3QM1,430,241,151,78.5642,161.4336,339.9484,11,3QM1.mrc,LJ0536
3QM1,478,469,50,91.1549,63.7664,138.3998,11,3QM1.mrc,LJ0536
3QM1,470,340,135,44.6826,209.9061,151.9647,11,3QM1.mrc,LJ0536
3QM1,283,48,170,41.3114,155.4546,277.0378,11,3QM1.mrc,LJ0536
3QM1,141,389,85,87.458,115.6757,83.7079,11,3QM1.mrc,LJ0536
3QM1,295,417,116,127.165,140.9316,158.3248,11,3QM1.mrc,LJ0536
3QM1,8,468,152,111.1489,359.3667,295.1417,11,3QM1.mrc,LJ0536
3QM1,326,303,7,63.5274,278.1691,324.4731,11,3QM1.mrc,LJ0536
3QM1,268,355,98,147.2568,139.6028,187.7164,11,3QM1.mrc,LJ0536
3QM1,305,467,168,121.9072,90.8519,128.7055,11,3QM1.mrc,LJ0536
3QM1,343,484,149,124.3351,140.4147,113.5422,11,3QM1.mrc,LJ0536
3QM1,114,90,100,171.9011,47.9161,139.5257,11,3QM1.mrc,LJ0536
3QM1,344,120,114,13.7089,15.4845,9.0998,11,3QM1.mrc,LJ0536
3QM1,500,395,75,100.7781,17.0035,251.0794,11,3QM1.mrc,LJ0536
3QM1,219,360,9,81.3509,184.5762,265.1098,11,3QM1.mrc,LJ0536
3QM1,361,130,161,99.1827,167.7839,281.1544,11,3QM1.mrc,LJ0536
3QM1,287,457,138,129.0601,175.23,341.0108,11,3QM1.mrc,LJ0536
3QM1,487,341,139,40.0051,179.6731,296.9174,11,3QM1.mrc,LJ0536
3QM1,280,17,30,124.6846,105.952,208.8298,11,3QM1.mrc,LJ0536
3QM1,252,268,94,95.9505,189.664,173.7621,11,3QM1.mrc,LJ0536
3QM1,403,121,42,54.0098,286.2533,57.0517,11,3QM1.mrc,LJ0536
3QM1,51,120,152,71.9205,23.3601,40.3192,11,3QM1.mrc,LJ0536
3QM1,324,473,79,21.1293,211.7532,337.7319,11,3QM1.mrc,LJ0536
3QM1,318,130,19,51.076,322.8964,171.3032,11,3QM1.mrc,LJ0536
3QM1,344,10,74,51.824,256.4872,13.9473,11,3QM1.mrc,LJ0536
3QM1,281,15,50,57.733,293.9527,108.0855,11,3QM1.mrc,LJ0536
3QM1,54,353,45,67.4952,271.4393,22.7804,11,3QM1.mrc,LJ0536
1BXN,65,433,93,99.8174,110.5747,290.9855,4,1BXN.mrc,Rubisco
1BXN,468,131,162,55.9573,307.8604,307.6897,4,1BXN.mrc,Rubisco
1BXN,461,406,98,89.8341,130.9604,248.9998,4,1BXN.mrc,Rubisco
1BXN,263,363,154,109.2493,146.7517,345.8573,4,1BXN.mrc,Rubisco
1BXN,244,289,48,154.9783,93.1138,93.5349,4,1BXN.mrc,Rubisco
1BXN,432,333,68,99.9368,149.6927,214.6697,4,1BXN.mrc,Rubisco
1BXN,301,245,64,76.4684,110.7724,51.7545,4,1BXN.mrc,Rubisco
1BXN,52,384,87,113.5714,106.7455,68.6609,4,1BXN.mrc,Rubisco
1BXN,92,490,122,147.2412,79.6351,346.3489,4,1BXN.mrc,Rubisco
1BXN,502,490,148,161.8697,311.1308,82.9096,4,1BXN.mrc,Rubisco
1BXN,442,128,78,122.8518,111.0222,335.8104,4,1BXN.mrc,Rubisco
1BXN,142,21,81,74.6727,223.131,235.006,4,1BXN.mrc,Rubisco
1BXN,183,459,80,68.3129,82.9398,236.8293,4,1BXN.mrc,Rubisco
1BXN,102,281,133,86.0393,40.656,261.2511,4,1BXN.mrc,Rubisco
1BXN,315,84,37,63.8686,131.4038,127.7056,4,1BXN.mrc,Rubisco
1BXN,361,295,93,155.3816,47.2111,49.8979,4,1BXN.mrc,Rubisco
1BXN,459,44,100,152.6495,94.2084,206.5323,4,1BXN.mrc,Rubisco
1BXN,421,183,116,88.7912,50.8758,150.0987,4,1BXN.mrc,Rubisco
1BXN,178,385,112,127.9022,210.9757,344.1335,4,1BXN.mrc,Rubisco
1BXN,56,123,44,93.2506,13.3438,92.7331,4,1BXN.mrc,Rubisco
1BXN,476,160,86,135.6908,59.8149,88.7577,4,1BXN.mrc,Rubisco
1BXN,379,458,168,93.3272,11.1114,170.9182,4,1BXN.mrc,Rubisco
1BXN,294,295,137,155.4314,232.935,274.8054,4,1BXN.mrc,Rubisco
1BXN,198,191,117,139.0442,147.3306,71.2711,4,1BXN.mrc,Rubisco
1BXN,222,257,169,59.9532,81.45,162.8555,4,1BXN.mrc,Rubisco
1BXN,127,75,104,152.9139,315.2632,40.2574,4,1BXN.mrc,Rubisco
1BXN,346,46,167,103.2614,211.8904,33.396,4,1BXN.mrc,Rubisco
1BXN,468,185,153,30.8499,333.08,296.4657,4,1BXN.mrc,Rubisco
1BXN,402,249,57,59.4257,330.6748,334.729,4,1BXN.mrc,Rubisco
1BXN,174,286,27,63.6367,26.3442,129.2086,4,1BXN.mrc,Rubisco
1BXN,195,63,161,109.0578,353.1968,318.6171,4,1BXN.mrc,Rubisco
1BXN,304,17,162,157.9166,196.9249,16.3815,4,1BXN.mrc,Rubisco
1BXN,196,360,85,26.3165,313.5758,166.6828,4,1BXN.mrc,Rubisco
1BXN,325,76,18,67.6907,323.5868,267.7977,4,1BXN.mrc,Rubisco
1BXN,200,114,116,40.1014,267.1004,52.3766,4,1BXN.mrc,Rubisco
1BXN,365,166,38,95.8757,266.2558,116.7881,4,1BXN.mrc,Rubisco
1BXN,143,483,53,141.6614,17.0771,61.4262,4,1BXN.mrc,Rubisco
1BXN,161,302,29,50.0395,212.9358,312.0704,4,1BXN.mrc,Rubisco
1BXN,294,60,161,83.9802,132.9893,156.7216,4,1BXN.mrc,Rubisco
1BXN,383,417,29,104.9635,164.4313,264.2254,4,1BXN.mrc,Rubisco
1BXN,433,56,142,58.5397,336.7465,79.9439,4,1BXN.mrc,Rubisco
1BXN,334,107,122,16.0588,328.7187,176.2606,4,1BXN.mrc,Rubisco
1BXN,488,263,49,44.2255,325.9309,349.3541,4,1BXN.mrc,Rubisco
1BXN,324,306,19,113.7591,288.6962,35.1654,4,1BXN.mrc,Rubisco
1BXN,29,51,107,98.1865,300.1309,26.0391,4,1BXN.mrc,Rubisco
1BXN,366,338,12,113.1595,124.2153,62.9669,4,1BXN.mrc,Rubisco
1BXN,296,230,75,154.4404,194.7427,90.6184,4,1BXN.mrc,Rubisco
1BXN,313,333,69,60.1194,169.2023,84.4327,4,1BXN.mrc,Rubisco
1BXN,90,393,161,33.7087,329.6512,11.8771,4,1BXN.mrc,Rubisco
1BXN,346,106,33,92.337,218.7277,11.0886,4,1BXN.mrc,Rubisco
1BXN,426,100,11,80.3305,74.8348,75.6806,4,1BXN.mrc,Rubisco
1BXN,341,259,92,98.1071,278.8332,221.4056,4,1BXN.mrc,Rubisco
1BXN,236,61,40,75.9451,270.3201,262.5876,4,1BXN.mrc,Rubisco
1BXN,369,168,136,76.2671,347.1791,105.6172,4,1BXN.mrc,Rubisco
1BXN,247,464,152,113.836,320.5741,287.7904,4,1BXN.mrc,Rubisco
1BXN,114,427,115,123.5933,329.6978,289.2447,4,1BXN.mrc,Rubisco
1BXN,220,392,167,41.8528,55.5801,105.2182,4,1BXN.mrc,Rubisco
1BXN,229,491,129,93.3922,219.3032,173.3239,4,1BXN.mrc,Rubisco
1BXN,402,177,91,92.1533,298.6755,134.1859,4,1BXN.mrc,Rubisco
1BXN,276,312,115,81.8823,155.6332,188.557,4,1BXN.mrc,Rubisco
1BXN,384,326,9,83.6339,17.9057,330.259,4,1BXN.mrc,Rubisco
1BXN,169,70,42,62.6297,283.4456,278.743,4,1BXN.mrc,Rubisco
1BXN,151,432,48,35.1244,171.0334,313.966,4,1BXN.mrc,Rubisco
1BXN,463,156,82,32.2605,272.8622,250.6761,4,1BXN.mrc,Rubisco
1BXN,118,390,99,88.1796,103.6712,180.7245,4,1BXN.mrc,Rubisco
1BXN,448,335,43,45.9591,41.9657,243.7505,4,1BXN.mrc,Rubisco
1BXN,452,77,152,92.217,41.6294,217.4778,4,1BXN.mrc,Rubisco
1BXN,35,471,117,56.8964,241.6116,91.6776,4,1BXN.mrc,Rubisco
1BXN,303,48,169,108.9848,261.3922,188.4928,4,1BXN.mrc,Rubisco
1BXN,438,82,66,37.5999,21.5522,308.7035,4,1BXN.mrc,Rubisco
1BXN,311,314,133,162.919,148.2073,148.8638,4,1BXN.mrc,Rubisco
1BXN,129,107,158,72.8055,55.3703,221.4578,4,1BXN.mrc,Rubisco
1BXN,260,425,113,81.1755,199.2019,65.7501,4,1BXN.mrc,Rubisco
1BXN,86,285,41,140.0894,153.2641,86.4076,4,1BXN.mrc,Rubisco
1BXN,84,408,160,70.6829,306.1228,171.4306,4,1BXN.mrc,Rubisco
1BXN,262,470,52,111.6677,331.9242,76.6358,4,1BXN.mrc,Rubisco
1BXN,135,442,99,89.0452,227.9309,183.6098,4,1BXN.mrc,Rubisco
1BXN,32,121,63,124.1097,277.9897,55.8064,4,1BXN.mrc,Rubisco
1BXN,302,138,107,67.9142,261.0967,152.8707,4,1BXN.mrc,Rubisco
1BXN,90,177,72,118.0047,137.531,73.8896,4,1BXN.mrc,Rubisco
1BXN,400,276,136,155.0112,238.9682,22.0558,4,1BXN.mrc,Rubisco
1BXN,314,49,21,134.1984,251.6629,161.0781,4,1BXN.mrc,Rubisco
1BXN,334,326,25,122.4103,297.4533,152.3235,4,1BXN.mrc,Rubisco
1BXN,365,185,135,98.9858,151.2203,40.3141,4,1BXN.mrc,Rubisco
1BXN,257,124,168,75.2753,173.2309,203.3405,4,1BXN.mrc,Rubisco
1BXN,422,277,101,39.6542,217.9758,332.8558,4,1BXN.mrc,Rubisco
1BXN,366,181,11,59.0742,132.5404,63.3041,4,1BXN.mrc,Rubisco
1BXN,204,486,22,148.6816,99.8795,261.3535,4,1BXN.mrc,Rubisco
1BXN,240,179,150,49.0309,32.9369,261.7436,4,1BXN.mrc,Rubisco
1BXN,468,26,19,85.6261,78.2051,247.2233,4,1BXN.mrc,Rubisco
1BXN,392,282,121,22.1294,353.3099,113.058,4,1BXN.mrc,Rubisco
1BXN,79,445,80,126.2683,193.0537,245.4442,4,1BXN.mrc,Rubisco
1BXN,25,106,112,74.6415,65.3095,288.9221,4,1BXN.mrc,Rubisco
1BXN,154,392,166,108.5472,327.414,296.2521,4,1BXN.mrc,Rubisco
1BXN,112,166,117,109.6151,296.98,273.8588,4,1BXN.mrc,Rubisco
1BXN,174,49,137,163.0145,159.3442,207.9249,4,1BXN.mrc,Rubisco
1BXN,339,173,29,111.6177,359.3582,138.7007,4,1BXN.mrc,Rubisco
3D2F,365,100,121,45.2355,322.0408,49.0996,7,3D2F.mrc,Sse1
3D2F,436,291,137,106.1042,244.8371,26.5264,7,3D2F.mrc,Sse1
3D2F,459,117,60,140.165,239.7763,304.4431,7,3D2F.mrc,Sse1
3D2F,216,108,143,135.8629,275.6361,353.545,7,3D2F.mrc,Sse1
3D2F,63,497,39,40.0663,85.9068,121.515,7,3D2F.mrc,Sse1
3D2F,282,498,52,60.6244,333.3792,209.7512,7,3D2F.mrc,Sse1
3D2F,377,57,30,65.7186,64.4284,166.4354,7,3D2F.mrc,Sse1
3D2F,199,30,93,28.0636,6.8528,344.2487,7,3D2F.mrc,Sse1
3D2F,151,307,86,72.7732,98.578,208.8211,7,3D2F.mrc,Sse1
3D2F,203,470,34,115.9003,84.1975,245.1705,7,3D2F.mrc,Sse1
3D2F,371,310,133,145.9334,230.503,51.139,7,3D2F.mrc,Sse1
3D2F,496,160,121,88.4782,207.6673,286.4384,7,3D2F.mrc,Sse1
3D2F,167,285,76,33.3222,72.0898,211.6382,7,3D2F.mrc,Sse1
3D2F,13,157,31,46.849,212.1347,219.7771,7,3D2F.mrc,Sse1
3D2F,282,329,21,42.4639,202.1796,344.9875,7,3D2F.mrc,Sse1
3D2F,153,453,123,150.2669,143.3827,211.3497,7,3D2F.mrc,Sse1
3D2F,325,272,153,13.3757,239.3989,184.3593,7,3D2F.mrc,Sse1
3D2F,143,474,99,46.4032,343.6667,230.2027,7,3D2F.mrc,Sse1
3D2F,99,453,25,43.1205,215.5281,68.2855,7,3D2F.mrc,Sse1
3D2F,50,177,55,110.9566,171.403,292.955,7,3D2F.mrc,Sse1
3D2F,283,296,125,112.9536,165.7086,112.6153,7,3D2F.mrc,Sse1
3D2F,170,423,86,18.9176,80.6002,340.1718,7,3D2F.mrc,Sse1
3D2F,216,24,116,70.8927,287.9156,148.9642,7,3D2F.mrc,Sse1
3D2F,129,164,102,50.7173,322.6251,26.6019,7,3D2F.mrc,Sse1
3D2F,420,368,136,64.0856,179.871,341.1995,7,3D2F.mrc,Sse1
3D2F,214,99,23,67.5459,24.8455,321.4033,7,3D2F.mrc,Sse1
3D2F,485,495,145,9.8559,90.3439,255.1621,7,3D2F.mrc,Sse1
3D2F,126,236,78,109.4821,259.6084,43.7411,7,3D2F.mrc,Sse1
3D2F,128,149,82,130.2699,158.3611,218.0175,7,3D2F.mrc,Sse1
3D2F,141,457,149,65.2748,251.0142,0.4936,7,3D2F.mrc,Sse1
3D2F,236,269,105,35.8041,133.6729,307.2722,7,3D2F.mrc,Sse1
3D2F,205,123,101,48.5408,19.2571,139.0003,7,3D2F.mrc,Sse1
3D2F,363,72,70,23.4236,296.1581,344.2908,7,3D2F.mrc,Sse1
3D2F,176,491,113,122.7286,302.996,328.8008,7,3D2F.mrc,Sse1
3D2F,72,228,67,70.1774,136.5793,272.6639,7,3D2F.mrc,Sse1
3D2F,476,154,17,82.9507,42.7255,266.5395,7,3D2F.mrc,Sse1
3D2F,314,292,118,109.5984,338.8122,350.128,7,3D2F.mrc,Sse1
3D2F,347,176,69,102.7772,123.893,98.0796,7,3D2F.mrc,Sse1
3D2F,94,384,67,81.4502,310.1868,113.8423,7,3D2F.mrc,Sse1
3D2F,226,255,20,49.3018,308.5965,44.3381,7,3D2F.mrc,Sse1
3D2F,245,17,72,52.4344,212.7853,264.4301,7,3D2F.mrc,Sse1
3D2F,65,250,104,42.8994,19.5643,112.785,7,3D2F.mrc,Sse1
3D2F,290,200,62,74.7035,332.1543,13.1411,7,3D2F.mrc,Sse1
3D2F,285,231,166,40.0048,250.7054,182.5216,7,3D2F.mrc,Sse1
3D2F,227,475,29,55.1537,105.4578,266.5862,7,3D2F.mrc,Sse1
3D2F,88,138,56,100.0948,164.4736,21.8965,7,3D2F.mrc,Sse1
3D2F,457,166,156,131.9688,157.9417,243.0242,7,3D2F.mrc,Sse1
3D2F,490,50,77,62.7066,6.8615,160.2072,7,3D2F.mrc,Sse1
3D2F,267,288,149,72.0561,114.3833,163.2343,7,3D2F.mrc,Sse1
3D2F,295,175,46,69.515,61.8678,146.262,7,3D2F.mrc,Sse1
3D2F,35,14,162,128.9582,270.8658,72.4658,7,3D2F.mrc,Sse1
3D2F,43,52,139,66.6971,296.3758,145.9193,7,3D2F.mrc,Sse1
3D2F,393,448,97,97.7826,148.7964,122.4926,7,3D2F.mrc,Sse1
3D2F,352,187,48,77.3459,253.485,242.7162,7,3D2F.mrc,Sse1
3D2F,461,444,52,159.1565,151.2345,229.4727,7,3D2F.mrc,Sse1
3D2F,275,174,42,101.5928,340.2906,339.6727,7,3D2F.mrc,Sse1
3D2F,68,403,152,93.9569,46.4502,78.6995,7,3D2F.mrc,Sse1
3D2F,296,297,94,70.2284,252.6341,4.5525,7,3D2F.mrc,Sse1
3D2F,497,280,97,66.6036,276.6868,302.5223,7,3D2F.mrc,Sse1
3D2F,86,353,26,83.3204,288.8723,15.9624,7,3D2F.mrc,Sse1
3D2F,86,452,66,129.3831,191.6261,71.9361,7,3D2F.mrc,Sse1
3D2F,152,400,102,168.7123,359.9012,242.7787,7,3D2F.mrc,Sse1
3D2F,116,54,88,31.9164,304.2047,52.1799,7,3D2F.mrc,Sse1
3D2F,313,338,150,31.0802,229.8011,264.1037,7,3D2F.mrc,Sse1
3D2F,438,352,86,85.9196,62.5382,354.9296,7,3D2F.mrc,Sse1
3D2F,471,176,52,116.8472,145.4109,177.6068,7,3D2F.mrc,Sse1
3D2F,320,462,40,3.4939,213.8711,266.0002,7,3D2F.mrc,Sse1
3D2F,489,313,74,90.2378,149.0992,17.7821,7,3D2F.mrc,Sse1
3D2F,292,477,168,177.4887,319.3217,305.2268,7,3D2F.mrc,Sse1
3D2F,138,190,48,65.8591,181.1548,104.0711,7,3D2F.mrc,Sse1
3D2F,467,11,51,36.227,305.2175,241.7733,7,3D2F.mrc,Sse1
3D2F,271,361,36,67.7995,39.4152,136.8109,7,3D2F.mrc,Sse1
3D2F,225,431,53,137.8966,76.6819,224.9957,7,3D2F.mrc,Sse1
3D2F,162,362,152,129.561,239.3053,68.5342,7,3D2F.mrc,Sse1
3D2F,203,142,122,16.9949,171.342,35.7927,7,3D2F.mrc,Sse1
3D2F,102,114,84,80.0754,340.6055,54.5919,7,3D2F.mrc,Sse1
3D2F,258,413,21,132.0153,330.6399,112.323,7,3D2F.mrc,Sse1
3D2F,228,450,50,119.1629,276.887,190.0476,7,3D2F.mrc,Sse1
3D2F,20,178,23,50.1661,235.7587,354.8852,7,3D2F.mrc,Sse1
3D2F,390,11,160,111.0207,180.7875,38.4898,7,3D2F.mrc,Sse1
3D2F,484,148,38,143.3342,301.3139,151.0155,7,3D2F.mrc,Sse1
3D2F,211,461,16,74.3291,151.7447,160.3673,7,3D2F.mrc,Sse1
3D2F,408,393,75,40.7288,344.7178,232.6053,7,3D2F.mrc,Sse1
3D2F,141,403,113,40.7866,100.8933,137.2162,7,3D2F.mrc,Sse1
3D2F,279,292,34,65.4175,311.0659,226.3615,7,3D2F.mrc,Sse1
3D2F,110,412,70,105.2924,156.4057,42.0003,7,3D2F.mrc,Sse1
3D2F,37,161,31,108.0843,28.8773,305.8358,7,3D2F.mrc,Sse1
3D2F,404,65,167,163.689,21.7639,191.968,7,3D2F.mrc,Sse1
3D2F,482,464,34,30.5999,319.0898,21.3975,7,3D2F.mrc,Sse1
3D2F,494,305,14,155.4189,182.8241,327.3765,7,3D2F.mrc,Sse1
3D2F,421,442,162,61.2026,103.0292,53.7105,7,3D2F.mrc,Sse1
3D2F,171,371,58,172.8341,204.4039,264.2971,7,3D2F.mrc,Sse1
3D2F,346,261,59,37.3595,51.9294,170.4842,7,3D2F.mrc,Sse1
3D2F,112,121,24,96.6315,340.9903,23.2616,7,3D2F.mrc,Sse1
3D2F,347,268,42,94.1483,356.0942,161.7699,7,3D2F.mrc,Sse1
